entry_time,exit_time,side,entry,exit,reason,gross_pnl,net_pnl,entry_fee,exit_fee,balance_after
2024-01-04 17:09:59.999000+00:00,2024-01-04 18:44:59.999000+00:00,LONG,44024.2,44076.0,ERIME_1/4,4.245901639344501,2.80078688524614,0.0,1.4451147540983607,997.0271213114756
2024-01-04 17:09:59.999000+00:00,2024-01-04 19:44:59.999000+00:00,LONG,44024.2,44098.2,ERIME_2/4,6.0655737704918025,4.619731147540983,0.0,1.4458426229508197,1001.6468524590166
2024-01-04 17:09:59.999000+00:00,2024-01-04 20:44:59.999000+00:00,LONG,44024.2,44337.8,ERIME_3/4,25.70491803278736,24.251219672131622,0.0,1.4536983606557377,1025.8980721311482
2024-01-04 17:09:59.999000+00:00,2024-01-04 21:44:59.999000+00:00,LONG,44024.2,44258.2,ERIME_4/4,19.18032786885246,17.729239344262293,0.0,1.451088524590164,1043.6273114754106
2024-01-05 22:59:59.999000+00:00,2024-01-06 04:04:59.999000+00:00,LONG,43964.2,43934.8,ERIME_1/4,-2.3602033044131536,-3.7710204491580726,0.0,1.4108171447449191,1034.2092461219859
2024-01-05 22:59:59.999000+00:00,2024-01-06 05:04:59.999000+00:00,LONG,43964.2,43839.0,ERIME_2/4,-10.050933799747567,-11.458674652294352,0.0,1.4077408525467854,1022.7505714696915
2024-01-05 22:59:59.999000+00:00,2024-01-06 06:04:59.999000+00:00,LONG,43964.2,43644.0,ERIME_3/4,-25.705343471878724,-27.106822560556658,0.0,1.401479088677933,995.6437489091348
2024-01-05 22:59:59.999000+00:00,2024-01-06 07:04:59.999000+00:00,LONG,43964.2,43478.3,ERIME_4/4,-39.007577741991994,-40.40373593696188,0.0,1.3961581949698876,955.240012972173
2024-01-08 07:54:59.999000+00:00,2024-01-08 09:59:59.999000+00:00,LONG,43963.9,43716.3,ERIME_1/4,-19.687910145274937,-21.07835051083857,0.0,1.3904403655636317,928.5684003428473
2024-01-08 07:54:59.999000+00:00,2024-01-08 10:59:59.999000+00:00,LONG,43963.9,44081.6,ERIME_2/4,9.358913667604266,7.956854572515483,0.0,1.4020590950887832,936.5252549153628
2024-01-08 07:54:59.999000+00:00,2024-01-08 11:59:59.999000+00:00,LONG,43963.9,44637.2,ERIME_3/4,53.537439017825555,52.117708512596685,0.0,1.4197305052288718,988.6429634279594
2024-01-08 07:54:59.999000+00:00,2024-01-08 12:59:59.999000+00:00,LONG,43963.9,45102.9,ERIME_4/4,90.56756726764252,89.13302471111372,0.0,1.4345425565287984,1077.7759881390732
2024-01-08 17:04:59.999000+00:00,2024-01-08 17:24:59.999000+00:00,LONG,45009.0,45266.6,TP,92.52652620963264,86.02285967031435,6.46665592883444,6.503666539318293,1157.3321918805532
2024-01-10 22:09:59.999000+00:00,2024-01-10 22:19:59.999000+00:00,LONG,45937.4,46348.5,TP,113.9353807156948,108.79723039401989,5.092576169388643,5.138150321674921,1261.0368461051844
2024-01-14 13:44:59.999000+00:00,2024-01-14 14:49:59.999000+00:00,SHORT,42783.9,42891.4,ERIME_1/4,-11.881934058983694,-13.778242101765064,0.0,1.89630804278137,1239.6923829267882
2024-01-14 13:44:59.999000+00:00,2024-01-14 15:49:59.999000+00:00,SHORT,42783.9,42916.5,ERIME_2/4,-14.656227499732283,-16.553645259889954,0.0,1.8974177601576696,1223.1387376668984
2024-01-14 13:44:59.999000+00:00,2024-01-14 16:49:59.999000+00:00,SHORT,42783.9,42944.0,ERIME_3/4,-17.69579202644904,-19.594425612417396,0.0,1.8986335859683565,1203.544312054481
2024-01-14 13:44:59.999000+00:00,2024-01-14 17:49:59.999000+00:00,SHORT,42783.9,42970.2,ERIME_4/4,-20.591668048266143,-22.491459984643228,0.0,1.8997919363770832,1181.0528520698379
2024-01-14 22:29:59.999000+00:00,2024-01-14 23:24:59.999000+00:00,SHORT,42331.4,41879.0,TP,134.36084918937124,129.38569622455987,5.02889730448712,4.975152964811371,1305.4096509899105
2024-01-17 13:19:59.999000+00:00,2024-01-17 14:09:59.999000+00:00,SHORT,42655.0,42477.2,TP,81.62061983800605,73.82081018000179,7.832457905939464,7.799809658004261,1371.398003263973
2024-01-17 15:39:59.999000+00:00,2024-01-17 15:54:59.999000+00:00,SHORT,42613.9,42525.1,TP,42.86634502703746,34.65510354546444,8.228388019583837,8.211241481573023,1397.8247187898535
2024-01-17 18:09:59.999000+00:00,2024-01-17 19:19:59.999000+00:00,SHORT,42388.6,42590.0,ERIME_1/4,-24.90544907984799,-27.012148337664712,0.0,2.10669925781672,1362.4256221394496
2024-01-17 18:09:59.999000+00:00,2024-01-17 20:19:59.999000+00:00,SHORT,42388.6,42674.5,ERIME_2/4,-35.35485547134322,-37.46573449171654,0.0,2.110879020373318,1324.959887647733
2024-01-17 18:09:59.999000+00:00,2024-01-17 21:19:59.999000+00:00,SHORT,42388.6,42773.9,ERIME_3/4,-47.646819912936614,-49.76261571908657,0.0,2.115795806149955,1275.1972719286464
2024-01-17 18:09:59.999000+00:00,2024-01-17 22:19:59.999000+00:00,SHORT,42388.6,42642.7,ERIME_4/4,-31.422416142945842,-33.5317221875878,0.0,2.1093060446419587,1241.6655497410586
2024-01-22 09:39:59.999000+00:00,2024-01-22 10:29:59.999000+00:00,SHORT,40874.9,40376.1,TP,212.22482337322063,205.3532831238225,6.956430178747399,6.871540249398111,1440.0624026861337
2024-01-28 01:19:59.999000+00:00,2024-01-28 02:39:59.999000+00:00,LONG,42170.1,42099.9,ERIME_1/4,-8.989697143405138,-11.146194868576977,0.0,2.1564977251718385,1420.27583340144
2024-01-28 01:19:59.999000+00:00,2024-01-28 03:39:59.999000+00:00,LONG,42170.1,42107.9,ERIME_2/4,-7.965230232475735,-10.122137744411946,0.0,2.1569075119362107,1410.153695657028
2024-01-28 01:19:59.999000+00:00,2024-01-28 04:39:59.999000+00:00,LONG,42170.1,42457.9,ERIME_3/4,36.855197120685645,34.68036143780817,0.0,2.174835682877475,1444.8340570948362
2024-01-28 01:19:59.999000+00:00,2024-01-28 05:39:59.999000+00:00,LONG,42170.1,42533.9,ERIME_4/4,46.58763277451497,44.40890411737597,0.0,2.1787286571390068,1489.242961212212
2024-02-01 03:19:59.999000+00:00,2024-02-01 06:14:59.999000+00:00,SHORT,42068.8,42188.0,ERIME_1/4,-15.823879066240124,-18.06407305968494,0.0,2.2401939934448145,1462.243430385254
2024-02-01 03:19:59.999000+00:00,2024-02-01 07:14:59.999000+00:00,SHORT,42068.8,42166.3,ERIME_2/4,-12.943189672470217,-15.182231390157522,0.0,2.2390417176873063,1447.0611989950964
2024-02-01 03:19:59.999000+00:00,2024-02-01 08:14:59.999000+00:00,SHORT,42068.8,42118.4,ERIME_3/4,-6.584432900046194,-8.82093111502453,0.0,2.2364982149783366,1438.240267880072
2024-02-01 03:19:59.999000+00:00,2024-02-01 09:14:59.999000+00:00,SHORT,42068.8,42178.1,ERIME_4/4,-14.5096474994968,-16.749315800314918,0.0,2.239668300818117,1421.490952079757
2024-02-05 11:34:59.999000+00:00,2024-02-05 12:54:59.999000+00:00,LONG,43122.7,43230.9,TP,53.50035631408837,44.9500104590842,8.528945712478542,8.550345855004178,1457.9120168263628
2024-02-05 18:09:59.999000+00:00,2024-02-05 19:59:59.999000+00:00,SHORT,42607.8,42757.4,ERIME_1/4,-19.19574916892169,-21.390295493828802,0.0,2.194546324907113,1427.7742492315758
2024-02-05 18:09:59.999000+00:00,2024-02-05 20:59:59.999000+00:00,SHORT,42607.8,42419.6,ERIME_2/4,24.14866305876458,21.971454498748543,0.0,2.1772085600160387,1449.7457037303243
2024-02-05 18:09:59.999000+00:00,2024-02-05 21:59:59.999000+00:00,SHORT,42607.8,42368.5,ERIME_3/4,30.705499840394793,28.53091401509141,0.0,2.1745858253033865,1478.2766177454157
2024-02-05 18:09:59.999000+00:00,2024-02-05 22:59:59.999000+00:00,SHORT,42607.8,42480.9,ERIME_4/4,16.283025197434586,14.102670382274015,0.0,2.180354815160571,1492.3792881276897
2024-02-06 00:49:59.999000+00:00,2024-02-06 01:04:59.999000+00:00,SHORT,42609.5,42566.2,TP,22.748456274750925,13.803279928494687,8.954275728766138,8.945176346256238,1497.2282923274183
2024-02-06 09:49:59.999000+00:00,2024-02-06 11:04:59.999000+00:00,LONG,42995.0,42779.9,ERIME_1/4,-28.089353908561357,-30.32396060548906,0.0,2.234606696927703,1457.9209619679648
2024-02-06 09:49:59.999000+00:00,2024-02-06 12:04:59.999000+00:00,LONG,42995.0,42874.7,ERIME_2/4,-15.709666551371622,-17.9492251232422,0.0,2.239558571870579,1439.9717368447225
2024-02-06 09:49:59.999000+00:00,2024-02-06 13:04:59.999000+00:00,LONG,42995.0,42755.1,ERIME_3/4,-31.327921909176922,-33.56123317890438,0.0,2.233311269727457,1406.4105036658182
2024-02-06 09:49:59.999000+00:00,2024-02-06 14:04:59.999000+00:00,LONG,42995.0,42888.4,ERIME_4/4,-13.920618905869922,-16.160893096798702,0.0,2.2402741909287793,1390.2496105690195
2024-02-11 11:09:59.999000+00:00,2024-02-11 14:24:59.999000+00:00,LONG,48195.6,48102.6,ERIME_1/4,-10.06003767327195,-12.14138807405617,0.0,2.0813504007842205,1369.7667248315493
2024-02-11 11:09:59.999000+00:00,2024-02-11 15:24:59.999000+00:00,LONG,48195.6,48067.0,ERIME_2/4,-13.910976825621056,-15.990786850744337,0.0,2.0798100251232814,1353.7759379808049
2024-02-11 11:09:59.999000+00:00,2024-02-11 16:24:59.999000+00:00,LONG,48195.6,48107.1,ERIME_3/4,-9.573261656823307,-11.654806768014108,0.0,2.0815451111908003,1342.1211312127907
2024-02-11 11:09:59.999000+00:00,2024-02-11 17:24:59.999000+00:00,LONG,48195.6,48297.1,ERIME_4/4,10.979503482119387,8.889737264873009,0.0,2.0897662172463773,1351.0108684776637
2024-02-14 19:49:59.999000+00:00,2024-02-15 00:19:59.999000+00:00,LONG,51601.4,51968.9,TP,130.94413032937356,123.53730321136085,7.3544494658809665,7.406827118012717,1467.1937222231438
2024-02-15 02:19:59.999000+00:00,2024-02-15 03:29:59.999000+00:00,LONG,52190.0,52304.1,ERIME_1/4,12.028655180996736,9.823053135589621,0.0,2.205602045407115,1468.2136130253946
2024-02-15 02:19:59.999000+00:00,2024-02-15 04:29:59.999000+00:00,LONG,52190.0,52321.6,ERIME_2/4,13.873540944953314,11.667200945240618,0.0,2.206339999712697,1479.8808139706352
2024-02-15 02:19:59.999000+00:00,2024-02-15 05:29:59.999000+00:00,LONG,52190.0,52151.8,ERIME_3/4,-4.027122067607767,-6.22630180211544,0.0,2.199179734507673,1473.65451216852
2024-02-15 02:19:59.999000+00:00,2024-02-15 06:29:59.999000+00:00,LONG,52190.0,51933.3,ERIME_4/4,-27.06183860615133,-29.251804454043587,0.0,2.1899658478922555,1444.4027077144763
2024-02-15 06:54:59.999000+00:00,2024-02-15 07:59:59.999000+00:00,LONG,52064.8,51802.4,ERIME_1/4,-27.2985253835807,-29.45421003499898,0.0,2.155684651418282,1406.2820814331903
2024-02-15 06:54:59.999000+00:00,2024-02-15 08:59:59.999000+00:00,LONG,52064.8,51960.1,ERIME_2/4,-10.892361309683698,-13.054608426731539,0.0,2.1622471170478406,1393.2274730064587
2024-02-15 06:54:59.999000+00:00,2024-02-15 09:59:59.999000+00:00,LONG,52064.8,52199.2,ERIME_3/4,13.982171537930894,11.809974607744007,0.0,2.1721969301868866,1405.0374476142026
2024-02-15 06:54:59.999000+00:00,2024-02-15 10:59:59.999000+00:00,LONG,52064.8,52313.1,ERIME_4/4,25.831645780270314,23.65470906038649,0.0,2.1769367198838223,1428.6921566745891
2024-02-16 13:59:59.999000+00:00,2024-02-16 15:04:59.999000+00:00,LONG,52494.7,51841.5,ERIME_1/4,-49.3768104095152,-50.94433515957331,0.0,1.56752475005811,1371.398719618128
2024-02-16 13:59:59.999000+00:00,2024-02-16 16:04:59.999000+00:00,LONG,52494.7,51963.0,ERIME_2/4,-40.192360830892845,-41.7635593607824,0.0,1.571198529889559,1329.6351602573457
2024-02-16 13:59:59.999000+00:00,2024-02-16 17:04:59.999000+00:00,LONG,52494.7,52085.9,ERIME_3/4,-30.902082203627813,-32.476996844968276,0.0,1.5749146413404649,1297.1581634123775
2024-02-16 13:59:59.999000+00:00,2024-02-16 18:04:59.999000+00:00,LONG,52494.7,51997.6,ERIME_4/4,-37.57687148586963,-39.1491162114972,0.0,1.5722447256275682,1258.0090472008803
2024-02-20 13:19:59.999000+00:00,2024-02-20 13:34:59.999000+00:00,LONG,52307.6,52749.3,TP,159.344702150921,151.73290998685533,7.548054283205282,7.61179216406565,1402.1939029045302
2024-02-23 09:49:59.999000+00:00,2024-02-23 10:59:59.999000+00:00,SHORT,50931.5,51208.4,ERIME_1/4,-28.587477178730243,-30.702203023958532,0.0,2.1147258452282878,1363.0785364631447
2024-02-23 09:49:59.999000+00:00,2024-02-23 11:59:59.999000+00:00,SHORT,50931.5,51254.1,ERIME_2/4,-33.30559818655936,-35.42221128019078,0.0,2.1166130936314196,1327.6563251829539
2024-02-23 09:49:59.999000+00:00,2024-02-23 12:59:59.999000+00:00,SHORT,50931.5,51018.1,ERIME_3/4,-8.94068444809673,-11.047551576232765,0.0,2.1068671281360345,1316.6087736067211
2024-02-23 09:49:59.999000+00:00,2024-02-23 13:59:59.999000+00:00,SHORT,50931.5,51087.8,ERIME_4/4,-16.136593293736357,-18.246338785410646,0.0,2.1097454916742904,1298.3624348213104
2024-02-23 14:09:59.999000+00:00,2024-02-23 15:19:59.999000+00:00,SHORT,50969.0,50914.1,ERIME_1/4,5.244371407499546,3.2989255038305805,0.0,1.945445903668966,1293.8711857162132
2024-02-23 14:09:59.999000+00:00,2024-02-23 16:19:59.999000+00:00,SHORT,50969.0,50732.1,ERIME_2/4,22.630083541650585,20.69159192283528,0.0,1.9384916188153054,1314.5627776390484
2024-02-23 14:09:59.999000+00:00,2024-02-23 17:19:59.999000+00:00,SHORT,50969.0,51079.9,ERIME_3/4,-10.593821294930635,-12.545602475680573,0.0,1.9517811807499381,1302.0171751633677
2024-02-23 14:09:59.999000+00:00,2024-02-23 18:19:59.999000+00:00,SHORT,50969.0,51112.9,ERIME_4/4,-13.7461756928811,-15.699217815390217,0.0,1.9530421225091181,1286.3179573479774
2024-02-24 01:19:59.999000+00:00,2024-02-24 01:59:59.999000+00:00,SHORT,50796.3,50614.8,TP,68.94204181957875,61.25171089221871,7.7179077440878645,7.6903309273600335,1339.8517604961082
2024-02-24 23:29:59.999000+00:00,2024-02-25 00:49:59.999000+00:00,LONG,51630.6,51496.3,ERIME_1/4,-13.069436397791828,-15.073986263976874,0.0,2.004549866185046,1316.7386636691547
2024-02-24 23:29:59.999000+00:00,2024-02-25 01:49:59.999000+00:00,LONG,51630.6,51626.7,ERIME_2/4,-0.37952942629492775,-2.3891552552685726,0.0,2.009625828973645,1314.349508413886
2024-02-24 23:29:59.999000+00:00,2024-02-25 02:49:59.999000+00:00,LONG,51630.6,51688.3,ERIME_3/4,5.615089204413031,3.6030655279871024,0.0,2.0120236764259283,1317.9525739418732
2024-02-24 23:29:59.999000+00:00,2024-02-25 03:49:59.999000+00:00,LONG,51630.6,51589.9,ERIME_4/4,-3.9607301667171004,-5.968923515394576,0.0,2.0081933486774757,1311.9836504264786
2024-03-03 13:49:59.999000+00:00,2024-03-03 15:54:59.999000+00:00,LONG,62346.5,62256.8,ERIME_1/4,-6.75056979598,-8.62467848572083,0.0,1.8741086897408308,1295.851736270121
2024-03-03 13:49:59.999000+00:00,2024-03-03 16:54:59.999000+00:00,LONG,62346.5,62912.9,ERIME_2/4,42.62567148766115,40.73181230140686,0.0,1.8938591862542873,1336.5835485715277
2024-03-03 13:49:59.999000+00:00,2024-03-03 17:54:59.999000+00:00,LONG,62346.5,62660.3,ERIME_3/4,23.615705707676835,21.72945050773454,0.0,1.8862551999422934,1358.3129990792622
2024-03-03 13:49:59.999000+00:00,2024-03-03 18:54:59.999000+00:00,LONG,62346.5,62932.1,ERIME_4/4,44.070609504191815,42.176172342730915,0.0,1.8944371614608995,1400.4891714219932
2024-03-06 13:59:59.999000+00:00,2024-03-06 14:04:59.999000+00:00,LONG,66394.1,66908.7,TP,162.82133373607266,154.35327017404626,8.40293502853196,8.468063562026389,1546.4395065675074
2024-03-08 12:49:59.999000+00:00,2024-03-08 14:19:59.999000+00:00,LONG,67584.9,68022.3,ERIME_1/4,37.53127400717327,35.19660223771914,0.0,2.334671769454131,1572.3574717658214
2024-03-08 12:49:59.999000+00:00,2024-03-08 15:19:59.999000+00:00,LONG,67584.9,68884.6,ERIME_2/4,111.52125474879416,109.15698698704338,0.0,2.3642677617507792,1681.5144587528648
2024-03-08 12:49:59.999000+00:00,2024-03-08 16:19:59.999000+00:00,LONG,67584.9,67051.8,ERIME_3/4,-45.74284904714985,-48.04421116738226,0.0,2.3013621202324015,1633.4702475854826
2024-03-08 12:49:59.999000+00:00,2024-03-08 17:19:59.999000+00:00,LONG,67584.9,67967.0,ERIME_4/4,32.78623639264024,30.453462638231922,0.0,2.3327737544083176,1663.9237102237146
2024-03-10 00:39:59.999000+00:00,2024-03-10 01:44:59.999000+00:00,LONG,68488.7,68779.6,ERIME_1/4,26.50266069279091,23.996174063178223,0.0,2.506486629612688,1677.9363420255504
2024-03-10 00:39:59.999000+00:00,2024-03-10 02:44:59.999000+00:00,LONG,68488.7,69088.6,ERIME_2/4,54.65433533724655,52.13658803777608,0.0,2.51774729947047,1730.0729300633266
2024-03-10 00:39:59.999000+00:00,2024-03-10 03:44:59.999000+00:00,LONG,68488.7,69009.9,ERIME_3/4,47.48431334851197,44.96943405783699,0.0,2.5148792906749766,1775.0423641211635
2024-03-10 00:39:59.999000+00:00,2024-03-10 04:44:59.999000+00:00,LONG,68488.7,69632.3,ERIME_4/4,104.18852790744218,101.65096693094362,0.0,2.5375609764985483,1876.6933310521072
2024-03-13 05:44:59.999000+00:00,2024-03-13 06:14:59.999000+00:00,LONG,72225.0,72375.3,TP,58.580894632842615,47.29730228867683,11.260159986312644,11.28359234416578,1912.7304733544713
2024-03-16 19:54:59.999000+00:00,2024-03-16 21:39:59.999000+00:00,SHORT,67149.6,66397.5,ERIME_1/4,46.1970816233064,44.56571838592655,0.0,1.6313632373798501,1950.6968234602812
2024-03-16 19:54:59.999000+00:00,2024-03-16 22:39:59.999000+00:00,SHORT,67149.6,66650.6,ERIME_2/4,30.65063652443786,29.013054709018462,0.0,1.6375818154193975,1979.7098781692996
2024-03-16 19:54:59.999000+00:00,2024-03-16 23:39:59.999000+00:00,SHORT,67149.6,65636.1,ERIME_3/4,92.96540757462265,91.35275166762332,0.0,1.6126559069993236,2071.062629836923
2024-03-16 19:54:59.999000+00:00,2024-03-17 00:39:59.999000+00:00,SHORT,67149.6,65822.6,ERIME_4/4,81.50980895376561,79.89257080731795,0.0,1.6172381464476664,2150.955200644241
2024-03-21 19:59:59.999000+00:00,2024-03-21 20:04:59.999000+00:00,SHORT,65276.0,64740.9,TP,264.48682391646173,251.68688744216286,12.905731203865447,12.799936474298862,2389.7363568825385
2024-03-21 20:49:59.999000+00:00,2024-03-21 21:59:59.999000+00:00,SHORT,65089.1,65693.2,ERIME_1/4,-47.35315109969665,-49.41292929921501,0.0,2.0597781995183575,2332.160079827009
2024-03-21 20:49:59.999000+00:00,2024-03-21 22:59:59.999000+00:00,SHORT,65089.1,65430.6,ERIME_2/4,-26.768914253511745,-28.82045875829163,0.0,2.0515445047798835,2303.3396210687174
2024-03-21 20:49:59.999000+00:00,2024-03-21 23:59:59.999000+00:00,SHORT,65089.1,65539.9,ERIME_3/4,-35.3365345402137,-37.39150609310826,0.0,2.0549715528945645,2265.9481149756093
2024-03-21 20:49:59.999000+00:00,2024-03-22 00:59:59.999000+00:00,SHORT,65089.1,65843.8,ERIME_4/4,-59.158124706077395,-61.22262489503831,0.0,2.06450018896091,2204.725490080571
2024-03-22 16:24:59.999000+00:00,2024-03-22 18:09:59.999000+00:00,SHORT,63402.0,63683.6,ERIME_1/4,-23.01984042438391,-25.10220734150082,0.0,2.0823669171169072,2171.330646815282
2024-03-22 16:24:59.999000+00:00,2024-03-22 19:09:59.999000+00:00,SHORT,63402.0,63811.6,ERIME_2/4,-33.483404253649375,-35.56995659629799,0.0,2.0865523426486137,2135.7606902189837
2024-03-22 16:24:59.999000+00:00,2024-03-22 20:09:59.999000+00:00,SHORT,63402.0,63696.0,ERIME_3/4,-24.03349817034412,-26.116270550559413,0.0,2.082772380215291,2109.6444196684242
2024-03-22 16:24:59.999000+00:00,2024-03-22 21:09:59.999000+00:00,SHORT,63402.0,63177.6,ERIME_4/4,18.34393533818114,16.27811393136926,0.0,2.0658214068118816,2125.9225335997935
2024-03-26 06:34:59.999000+00:00,2024-03-26 07:44:59.999000+00:00,LONG,70598.0,71195.1,ERIME_1/4,67.4269284263957,64.21107385462545,0.0,3.2158545717702487,2177.37807225282
2024-03-26 06:34:59.999000+00:00,2024-03-26 08:44:59.999000+00:00,LONG,70598.0,70768.0,ERIME_2/4,19.19708228519035,16.000519651876584,0.0,3.1965626333137664,2193.3785919046963
2024-03-26 06:34:59.999000+00:00,2024-03-26 09:44:59.999000+00:00,LONG,70598.0,71081.0,ERIME_3/4,54.54229849262905,51.33159777283231,0.0,3.210700719796742,2244.7101896775284
2024-03-26 06:34:59.999000+00:00,2024-03-26 10:44:59.999000+00:00,LONG,70598.0,70984.9,ERIME_4/4,43.690300800823735,40.48394088010372,0.0,3.2063599207200197,2285.194130557632
2024-03-28 10:59:59.999000+00:00,2024-03-28 12:39:59.999000+00:00,LONG,70864.4,70545.8,ERIME_1/4,-38.527606068542966,-41.939986221952,0.0,3.412380153409031,2229.542979552334
2024-03-28 10:59:59.999000+00:00,2024-03-28 13:39:59.999000+00:00,LONG,70864.4,70913.8,ERIME_2/4,5.973834713704994,2.5436539839830634,0.0,3.4301807297219304,2232.086633536317
2024-03-28 10:59:59.999000+00:00,2024-03-28 14:39:59.999000+00:00,LONG,70864.4,71418.1,ERIME_3/4,66.95773848133483,63.50316419010585,0.0,3.454574291228982,2295.589797726423
2024-03-28 10:59:59.999000+00:00,2024-03-28 15:39:59.999000+00:00,LONG,70864.4,71069.9,ERIME_4/4,24.850668697695532,21.412937234380006,0.0,3.4377314633155267,2317.002734960803
2024-03-28 18:04:59.999000+00:00,2024-03-28 19:44:59.999000+00:00,LONG,70895.9,70911.5,ERIME_1/4,1.9118829155883146,-1.564385940019126,0.0,3.4762688556074406,2301.536332611019
2024-03-28 18:04:59.999000+00:00,2024-03-28 20:44:59.999000+00:00,LONG,70895.9,70810.1,ERIME_2/4,-10.51535603573038,-13.986653995757292,0.0,3.471297960026913,2287.5496786152617
2024-03-28 18:04:59.999000+00:00,2024-03-28 21:44:59.999000+00:00,LONG,70895.9,70824.8,ERIME_3/4,-8.713774057580881,-12.185792650399055,0.0,3.472018592818173,2275.3638859648627
2024-03-28 18:04:59.999000+00:00,2024-03-28 22:44:59.999000+00:00,LONG,70895.9,70893.5,ERIME_4/4,-0.29413583316660985,-3.7695222812745484,0.0,3.4753864481079386,2271.594363683588
2024-03-30 03:09:59.999000+00:00,2024-03-30 04:19:59.999000+00:00,LONG,70090.0,69932.1,ERIME_1/4,-19.19058086169347,-22.590296174874176,0.0,3.399715313180705,2235.3745013266125
2024-03-30 03:09:59.999000+00:00,2024-03-30 05:19:59.999000+00:00,LONG,70090.0,70214.3,ERIME_2/4,15.106961374975565,11.693527044900193,0.0,3.4134343300753724,2247.068028371513
2024-03-30 03:09:59.999000+00:00,2024-03-30 06:19:59.999000+00:00,LONG,70090.0,70113.3,ERIME_3/4,2.8317956559691586,-0.5767286078186116,0.0,3.40852426378777,2246.4912997636943
2024-03-30 03:09:59.999000+00:00,2024-03-30 07:19:59.999000+00:00,LONG,70090.0,70042.9,ERIME_4/4,-5.724359459062111,-9.129461260803868,0.0,3.405101801741758,2237.3618385028904
2024-03-31 16:14:59.999000+00:00,2024-03-31 18:39:59.999000+00:00,LONG,70627.9,71054.9,TP,202.89860771183928,189.3932772377372,13.424171031017343,13.50533047410208,2413.33094470961
2024-04-04 05:19:59.999000+00:00,2024-04-04 06:39:59.999000+00:00,SHORT,65442.7,65779.6,ERIME_1/4,-46.58948946593864,-50.228121678789435,0.0,3.6386322128507906,2348.6228373625627
2024-04-04 05:19:59.999000+00:00,2024-04-04 07:39:59.999000+00:00,SHORT,65442.7,66250.0,ERIME_2/4,-111.64053085738031,-115.30518348678768,0.0,3.6646526294073674,2233.317653875775
2024-04-04 05:19:59.999000+00:00,2024-04-04 08:39:59.999000+00:00,SHORT,65442.7,66259.5,ERIME_3/4,-112.95427425282823,-116.61945237959377,0.0,3.665178126765546,2116.698201496181
2024-04-04 05:19:59.999000+00:00,2024-04-04 09:39:59.999000+00:00,SHORT,65442.7,66316.7,ERIME_4/4,-120.86439238120902,-124.53273455522591,0.0,3.668342174016899,1992.165466940955
2024-04-05 07:19:59.999000+00:00,2024-04-05 09:09:59.999000+00:00,SHORT,67007.5,66869.1,ERIME_1/4,15.43012166313192,12.448045511385741,0.0,2.98207615174618,1992.660519650695
2024-04-05 07:19:59.999000+00:00,2024-04-05 10:09:59.999000+00:00,SHORT,67007.5,66827.6,ERIME_2/4,20.05692837570419,17.07670294664304,0.0,2.980225429061151,2009.7372225973381
2024-04-05 07:19:59.999000+00:00,2024-04-05 11:09:59.999000+00:00,SHORT,67007.5,66965.2,ERIME_3/4,4.715998167272779,1.729636366128255,0.0,2.9863618011445237,2011.4668589634664
2024-04-05 07:19:59.999000+00:00,2024-04-05 12:09:59.999000+00:00,SHORT,67007.5,66661.7,ERIME_4/4,38.5530062941567,35.58017929626293,0.0,2.9728269978937703,2047.0470382597293
2024-04-06 16:59:59.999000+00:00,2024-04-06 18:04:59.999000+00:00,LONG,68129.8,68317.4,ERIME_1/4,21.13755788826112,18.058532307716224,0.0,3.0790255805448985,2052.8232883378873
2024-04-06 16:59:59.999000+00:00,2024-04-06 19:04:59.999000+00:00,LONG,68129.8,68320.0,ERIME_2/4,21.430509116990354,18.351366355953964,0.0,3.0791427610363904,2071.174654693841
2024-04-06 16:59:59.999000+00:00,2024-04-06 20:04:59.999000+00:00,LONG,68129.8,68217.9,ERIME_3/4,9.926539711917414,6.851998538643053,0.0,3.074541173274361,2078.026653232484
2024-04-06 16:59:59.999000+00:00,2024-04-06 21:04:59.999000+00:00,LONG,68129.8,68403.6,ERIME_4/4,30.850017856109943,27.767107291577904,0.0,3.082910564532038,2105.793760524062
2024-04-10 23:59:59.999000+00:00,2024-04-11 01:04:59.999000+00:00,LONG,70681.7,70596.7,ERIME_1/4,-9.496400923676774,-12.651293004093395,0.0,3.1548920804166216,2080.507704956824
2024-04-10 23:59:59.999000+00:00,2024-04-11 02:04:59.999000+00:00,LONG,70681.7,70680.5,ERIME_2/4,-0.1340668365692293,-3.292703850620694,0.0,3.1586370140514646,2077.215001106203
2024-04-10 23:59:59.999000+00:00,2024-04-11 03:04:59.999000+00:00,LONG,70681.7,70920.0,ERIME_3/4,26.62343929543768,23.454099278933413,0.0,3.1693400165042673,2100.6691003851365
2024-04-10 23:59:59.999000+00:00,2024-04-11 04:04:59.999000+00:00,LONG,70681.7,70611.7,ERIME_4/4,-7.820565466557343,-10.976127881156813,0.0,3.1555624145994696,2089.6929725039795
2024-04-12 09:04:59.999000+00:00,2024-04-12 10:09:59.999000+00:00,LONG,70868.0,70728.1,ERIME_1/4,-15.469678496639593,-18.598030083996907,0.0,3.128351587357314,2058.5567845849587
2024-04-12 09:04:59.999000+00:00,2024-04-12 11:09:59.999000+00:00,LONG,70868.0,70927.8,ERIME_2/4,6.612485876334033,3.47530142322753,0.0,3.1371844531065034,2062.032086008186
2024-04-12 09:04:59.999000+00:00,2024-04-12 12:09:59.999000+00:00,LONG,70868.0,70949.9,ERIME_3/4,9.056230656717265,5.918068705698609,0.0,3.1381619510186565,2067.950154713885
2024-04-12 09:04:59.999000+00:00,2024-04-12 13:09:59.999000+00:00,LONG,70868.0,70129.4,ERIME_4/4,-81.67194094080465,-84.77381162318429,0.0,3.101870682379648,1983.1763430907006
2024-04-14 00:14:59.999000+00:00,2024-04-14 01:44:59.999000+00:00,SHORT,63883.6,63862.7,ERIME_1/4,1.5035690049793904,-0.3341721681170813,0.0,1.8377411730964717,1975.4888005197897
2024-04-14 00:14:59.999000+00:00,2024-04-14 02:44:59.999000+00:00,SHORT,63883.6,63160.0,ERIME_2/4,52.05658047861287,50.23906051010585,0.0,1.817519968507018,2025.7278610298956
2024-04-14 00:14:59.999000+00:00,2024-04-14 03:44:59.999000+00:00,SHORT,63883.6,63392.0,ERIME_3/4,35.36624511233563,33.5420490096821,0.0,1.824196102653529,2059.2699100395776
2024-04-14 00:14:59.999000+00:00,2024-04-14 04:44:59.999000+00:00,SHORT,63883.6,63932.6,ERIME_4/4,-3.5251139351189,-5.364866581391411,0.0,1.8397526462725107,2053.9050434581864
2024-04-14 17:14:59.999000+00:00,2024-04-14 19:14:59.999000+00:00,SHORT,63733.3,64076.4,ERIME_1/4,-14.280809930363473,-15.34762763881226,0.0,1.0668177084487858,2034.3129942814676
2024-04-14 17:14:59.999000+00:00,2024-04-14 20:14:59.999000+00:00,SHORT,63733.3,64018.3,ERIME_2/4,-11.862520635830974,-12.928371028561946,0.0,1.0658503927309726,2021.3846232529056
2024-04-14 17:14:59.999000+00:00,2024-04-14 21:14:59.999000+00:00,SHORT,63733.3,63677.7,ERIME_3/4,2.3142320959728813,1.2540524043346302,0.0,1.060179691638251,2022.6386756572404
2024-04-14 17:14:59.999000+00:00,2024-04-14 22:14:59.999000+00:00,SHORT,63733.3,64909.0,ERIME_4/4,-48.93601933875944,-50.01669913097159,0.0,1.080679792212144,1972.6219765262688
2024-04-15 20:24:59.999000+00:00,2024-04-15 21:34:59.999000+00:00,SHORT,63005.4,62812.0,ERIME_1/4,10.574202806562678,9.200496856850558,0.0,1.3737059497121198,1976.3107308597803
2024-04-15 20:24:59.999000+00:00,2024-04-15 22:34:59.999000+00:00,SHORT,63005.4,63303.6,ERIME_2/4,-16.304174130904528,-17.688631431391634,0.0,1.3844573004871068,1958.6220994283885
2024-04-15 20:24:59.999000+00:00,2024-04-15 23:34:59.999000+00:00,SHORT,63005.4,63262.2,ERIME_3/4,-14.040616756593739,-15.42416863413112,0.0,1.3835518775373823,1943.1979307942574
2024-04-15 20:24:59.999000+00:00,2024-04-16 00:34:59.999000+00:00,SHORT,63005.4,63306.6,ERIME_4/4,-16.46820002759371,-17.85272293843949,0.0,1.3845229108457824,1925.345207855818
2024-04-17 09:44:59.999000+00:00,2024-04-17 10:14:59.999000+00:00,SHORT,63323.1,62875.0,TP,204.3678817777847,192.8975576833609,11.552071247134908,11.470324094423795,2106.690694292044
2024-04-17 14:09:59.999000+00:00,2024-04-17 14:24:59.999000+00:00,SHORT,62189.4,61300.0,TP,239.93381096095996,233.31904027874415,6.71074420660018,6.614770682215796,2333.298990364188
2024-04-18 07:39:59.999000+00:00,2024-04-18 08:49:59.999000+00:00,SHORT,60968.1,61370.0,ERIME_1/4,-43.13490635820491,-45.76958085753611,0.0,2.6346744993312026,2277.0597273595
2024-04-18 07:39:59.999000+00:00,2024-04-18 09:49:59.999000+00:00,SHORT,60968.1,61507.6,ERIME_2/4,-57.90316491727162,-60.54374672002645,0.0,2.6405818027548293,2216.5159806394736
2024-04-18 07:39:59.999000+00:00,2024-04-18 10:49:59.999000+00:00,SHORT,60968.1,61679.9,ERIME_3/4,-76.39568635424301,-79.04366516557263,0.0,2.647978811329618,2137.472315473901
2024-04-18 07:39:59.999000+00:00,2024-04-18 11:49:59.999000+00:00,SHORT,60968.1,62561.5,ERIME_4/4,-171.0155754943108,-173.70140226129647,0.0,2.685826766985645,1963.7709132126045
2024-04-19 05:24:59.999000+00:00,2024-04-19 05:34:59.999000+00:00,SHORT,62089.1,61876.0,TP,101.09976991265853,89.35758434134797,11.782625479275627,11.742185571310564,2041.345872074677
2024-04-19 11:04:59.999000+00:00,2024-04-19 12:19:59.999000+00:00,LONG,64933.6,65281.4,ERIME_1/4,31.112186428903925,28.77630708774253,0.0,2.3358793411613936,2060.82844129606
2024-04-19 11:04:59.999000+00:00,2024-04-19 13:19:59.999000+00:00,LONG,64933.6,64595.8,ERIME_2/4,-30.217643978388505,-32.52899138738698,0.0,2.3113474089984765,2028.2994499086733
2024-04-19 11:04:59.999000+00:00,2024-04-19 14:19:59.999000+00:00,LONG,64933.6,64550.0,ERIME_3/4,-34.3146484017464,-36.62435700897554,0.0,2.3097086072291337,1991.6750928996978
2024-04-19 11:04:59.999000+00:00,2024-04-19 15:19:59.999000+00:00,LONG,64933.6,64404.1,ERIME_4/4,-47.36602275475702,-49.67051081224495,0.0,2.304488057487929,1942.004582087453
2024-04-27 03:04:59.999000+00:00,2024-04-27 04:09:59.999000+00:00,SHORT,62798.5,62967.1,ERIME_1/4,-19.551938295099113,-22.472765943548332,0.0,2.9208276484492193,1907.8797886513798
2024-04-27 03:04:59.999000+00:00,2024-04-27 05:09:59.999000+00:00,SHORT,62798.5,62851.9,ERIME_2/4,-6.192606790974674,-9.108090706822242,0.0,2.9154839158475694,1898.7716979445577
2024-04-27 03:04:59.999000+00:00,2024-04-27 06:09:59.999000+00:00,SHORT,62798.5,63000.1,ERIME_3/4,-23.378830132218187,-26.301188537402254,0.0,2.922358405184067,1872.4705094071555
2024-04-27 03:04:59.999000+00:00,2024-04-27 07:09:59.999000+00:00,SHORT,62798.5,63059.5,ERIME_4/4,-30.267235439032692,-33.192349206339486,0.0,2.925113767306793,1839.278160200816
2024-04-29 01:24:59.999000+00:00,2024-04-29 02:34:59.999000+00:00,SHORT,63085.8,63057.0,ERIME_1/4,3.1487599634419823,0.3911022271261353,0.0,2.757657736315847,1828.6335934667372
2024-04-29 01:24:59.999000+00:00,2024-04-29 03:34:59.999000+00:00,SHORT,63085.8,62435.9,ERIME_2/4,71.05482986947021,68.32433456111677,0.0,2.7304953083534365,1896.957928027854
2024-04-29 01:24:59.999000+00:00,2024-04-29 04:34:59.999000+00:00,SHORT,63085.8,62519.2,ERIME_3/4,61.94747900298837,59.213340754288346,0.0,2.7341382487000288,1956.1712687821423
2024-04-29 01:24:59.999000+00:00,2024-04-29 05:34:59.999000+00:00,SHORT,63085.8,62121.4,ERIME_4/4,105.43972599802588,102.72298464812387,0.0,2.716741349902014,2058.894253430266
2024-04-29 10:54:59.999000+00:00,2024-04-29 11:29:59.999000+00:00,SHORT,62419.9,62310.9,TP,53.92979008871345,41.59799648416734,12.353365520581596,12.33179360454611,2088.1388843938516
2024-05-06 07:29:59.999000+00:00,2024-05-06 08:19:59.999000+00:00,LONG,64320.0,64939.4,TP,301.6308826943925,288.9813970349516,12.528833306363111,12.64948565944087,2364.59144812244
2024-05-08 01:34:59.999000+00:00,2024-05-08 02:39:59.999000+00:00,SHORT,62448.3,62745.5,ERIME_1/4,-42.20030279338963,-45.76407008669065,0.0,3.5637672933010163,2304.6398293470147
2024-05-08 01:34:59.999000+00:00,2024-05-08 03:39:59.999000+00:00,SHORT,62448.3,62734.2,ERIME_2/4,-40.59578253240232,-44.15890801759894,0.0,3.563125485196622,2260.4809213294157
2024-05-08 01:34:59.999000+00:00,2024-05-08 04:39:59.999000+00:00,SHORT,62448.3,62591.0,ERIME_3/4,-20.262393030338615,-23.81738515973441,0.0,3.5549921293957962,2236.6635361696813
2024-05-08 01:34:59.999000+00:00,2024-05-08 05:39:59.999000+00:00,SHORT,62448.3,62674.3,ERIME_4/4,-32.09040521973805,-35.650128554009605,0.0,3.5597233342715557,2201.0134076156714
2024-05-09 03:24:59.999000+00:00,2024-05-09 04:44:59.999000+00:00,SHORT,61494.3,61531.7,ERIME_1/4,-5.019849488782698,-8.323377540001719,0.0,3.30352805121902,2179.4839496299755
2024-05-09 03:24:59.999000+00:00,2024-05-09 05:44:59.999000+00:00,SHORT,61494.3,61541.3,ERIME_2/4,-6.3083670046209495,-9.612410462846306,0.0,3.3040434582253555,2169.8715391671294
2024-05-09 03:24:59.999000+00:00,2024-05-09 06:44:59.999000+00:00,SHORT,61494.3,61579.7,ERIME_3/4,-11.46243706797005,-14.768542154220746,0.0,3.306105086250695,2155.102997012909
2024-05-09 03:24:59.999000+00:00,2024-05-09 07:44:59.999000+00:00,SHORT,61494.3,61413.5,ERIME_4/4,10.845022424965768,7.547840322512247,0.0,3.297182102453521,2162.6508373354213
2024-05-09 21:54:59.999000+00:00,2024-05-09 22:39:59.999000+00:00,LONG,62551.9,62835.3,TP,146.97281312818515,133.93811897892135,12.975905024012532,13.034694149263805,2283.61305129033
2024-05-12 01:29:59.999000+00:00,2024-05-12 05:14:59.999000+00:00,SHORT,60882.6,60990.0,ERIME_1/4,-15.106535470022518,-18.537997661146022,0.0,3.431462191123504,2251.373375321442
2024-05-12 01:29:59.999000+00:00,2024-05-12 06:14:59.999000+00:00,SHORT,60882.6,61016.0,ERIME_2/4,-18.763611095912463,-22.196536117286325,0.0,3.4329250213738605,2229.1768392041554
2024-05-12 01:29:59.999000+00:00,2024-05-12 07:14:59.999000+00:00,SHORT,60882.6,60928.3,ERIME_3/4,-6.428013696276403,-9.856004478690409,0.0,3.427990782414006,2219.320834725465
2024-05-12 01:29:59.999000+00:00,2024-05-12 08:14:59.999000+00:00,SHORT,60882.6,60825.1,ERIME_4/4,8.087763403410456,4.665578931836325,0.0,3.422184471574131,2223.9864136573015
2024-05-14 09:34:59.999000+00:00,2024-05-14 12:19:59.999000+00:00,SHORT,61738.0,62057.8,ERIME_1/4,-43.20055244061264,-46.55381228207484,0.0,3.3532598414621972,2164.0886828932826
2024-05-14 09:34:59.999000+00:00,2024-05-14 13:19:59.999000+00:00,SHORT,61738.0,61865.6,ERIME_2/4,-17.236993406573045,-20.579867824421626,0.0,3.3428744178485816,2143.5088150688607
2024-05-14 09:34:59.999000+00:00,2024-05-14 14:19:59.999000+00:00,SHORT,61738.0,61155.6,ERIME_3/4,78.674176802416,75.36966685265101,0.0,3.3045099497649857,2218.8784819215116
2024-05-14 09:34:59.999000+00:00,2024-05-14 15:19:59.999000+00:00,SHORT,61738.0,61866.6,ERIME_4/4,-17.372079561796973,-20.715008014107646,0.0,3.3429284523106713,2198.163473907404
2024-05-17 05:19:59.999000+00:00,2024-05-17 06:24:59.999000+00:00,LONG,65497.9,65659.9,ERIME_1/4,20.38820039113755,17.082799900119987,0.0,3.305400491017562,2202.0572929640794
2024-05-17 05:19:59.999000+00:00,2024-05-17 07:24:59.999000+00:00,LONG,65497.9,66326.4,ERIME_2/4,104.2692840991239,100.93033117462313,0.0,3.338952924500756,2302.9876241387024
2024-05-17 05:19:59.999000+00:00,2024-05-17 08:24:59.999000+00:00,LONG,65497.9,66202.9,ERIME_3/4,88.72642762810166,85.39369184618931,0.0,3.3327357819123473,2388.3813159848914
2024-05-17 05:19:59.999000+00:00,2024-05-17 09:24:59.999000+00:00,LONG,65497.9,66122.2,ERIME_4/4,78.57008335918306,75.24141011497828,0.0,3.3286732442047797,2463.62272609987
2024-05-17 18:59:59.999000+00:00,2024-05-17 20:09:59.999000+00:00,LONG,66785.7,66835.5,ERIME_1/4,6.574941680588598,3.045307024420296,0.0,3.5296346561683016,2452.560014406306
2024-05-17 18:59:59.999000+00:00,2024-05-17 21:09:59.999000+00:00,LONG,66785.7,66807.3,ERIME_2/4,2.851781933749873,-0.6763634585196936,0.0,3.5281453922695665,2451.8836509477865
2024-05-17 18:59:59.999000+00:00,2024-05-17 22:09:59.999000+00:00,LONG,66785.7,66746.0,ERIME_3/4,-5.241469572677368,-8.766377664344363,0.0,3.524908091666995,2443.117273283442
2024-05-17 18:59:59.999000+00:00,2024-05-17 23:09:59.999000+00:00,LONG,66785.7,66686.8,ERIME_4/4,-13.057464502211566,-16.579246195906748,0.0,3.5217816936951816,2426.5380270875353
2024-05-20 07:54:59.999000+00:00,2024-05-20 08:59:59.999000+00:00,LONG,66819.0,66734.6,ERIME_1/4,-11.493726119414415,-15.12893566959795,0.0,3.6352095501835366,2396.849863255412
2024-05-20 07:54:59.999000+00:00,2024-05-20 09:59:59.999000+00:00,LONG,66819.0,66865.7,ERIME_2/4,6.359680210623895,2.7173292979083428,0.0,3.6423509127155524,2399.56719255332
2024-05-20 07:54:59.999000+00:00,2024-05-20 10:59:59.999000+00:00,LONG,66819.0,67072.8,ERIME_3/4,34.56288731170158,30.909255116145598,0.0,3.6536321955559834,2430.476447669466
2024-05-20 07:54:59.999000+00:00,2024-05-20 11:59:59.999000+00:00,LONG,66819.0,66974.0,ERIME_4/4,21.108146309352573,17.45989601019753,0.0,3.648250299155044,2447.9363436796634
2024-05-24 19:19:59.999000+00:00,2024-05-24 22:24:59.999000+00:00,LONG,68977.9,68787.1,ERIME_1/4,-25.301530572809373,-28.95020754066053,0.0,3.648676967851157,2404.350945818682
2024-05-24 19:19:59.999000+00:00,2024-05-24 23:24:59.999000+00:00,LONG,68977.9,68729.4,ERIME_2/4,-32.95298924184231,-36.598605626225854,0.0,3.6456163843835445,2367.752340192456
2024-05-24 19:19:59.999000+00:00,2024-05-25 00:24:59.999000+00:00,LONG,68977.9,68659.4,ERIME_3/4,-42.23552142264296,-45.87742479415419,0.0,3.6419033715112237,2321.8749153983017
2024-05-24 19:19:59.999000+00:00,2024-05-25 01:24:59.999000+00:00,LONG,68977.9,68689.9,ERIME_4/4,-38.190989543865534,-41.834510728128265,0.0,3.6435211842627346,2280.0404046701733
2024-05-27 21:04:59.999000+00:00,2024-05-27 22:49:59.999000+00:00,LONG,69720.2,69630.2,ERIME_1/4,-11.037169092690261,-14.452814832058445,0.0,3.4156457393681845,2251.907347410094
2024-05-27 21:04:59.999000+00:00,2024-05-27 23:49:59.999000+00:00,LONG,69720.2,69435.0,ERIME_2/4,-34.97556250261367,-38.381632884617886,0.0,3.4060703820042146,2213.5257145254764
2024-05-27 21:04:59.999000+00:00,2024-05-28 00:49:59.999000+00:00,LONG,69720.2,69180.3,ERIME_3/4,-66.21075103492674,-69.60432734151803,0.0,3.393576306591289,2143.9213871839584
2024-05-27 21:04:59.999000+00:00,2024-05-28 01:49:59.999000+00:00,LONG,69720.2,68726.4,ERIME_4/4,-121.87487382572904,-125.246184483204,0.0,3.3713106574749685,2018.6752027007544
2024-05-28 06:34:59.999000+00:00,2024-05-28 07:44:59.999000+00:00,SHORT,67887.6,67826.6,ERIME_1/4,6.802007327078841,3.776715325958541,0.0,3.0252920011203,2010.3398668105085
2024-05-28 06:34:59.999000+00:00,2024-05-28 08:44:59.999000+00:00,SHORT,67887.6,68097.3,ERIME_2/4,-23.38329404079366,-26.42066016246111,0.0,3.0373661216674495,1983.9192066480473
2024-05-28 06:34:59.999000+00:00,2024-05-28 09:44:59.999000+00:00,SHORT,67887.6,68435.0,ERIME_3/4,-61.03965263676915,-64.09208130187498,0.0,3.0524286651058397,1919.8271253461724
2024-05-28 06:34:59.999000+00:00,2024-05-28 10:44:59.999000+00:00,SHORT,67887.6,68500.8,ERIME_4/4,-68.37689988466764,-71.43226344867264,0.0,3.055363564004999,1848.3948618974996
2024-05-29 11:14:59.999000+00:00,2024-05-29 12:49:59.999000+00:00,SHORT,67888.9,68006.2,ERIME_1/4,-11.976371540519628,-14.753754381982086,0.0,2.7773828414624577,1822.5507383441325
2024-05-29 11:14:59.999000+00:00,2024-05-29 13:49:59.999000+00:00,SHORT,67888.9,67731.3,ERIME_2/4,16.091015812325168,13.324859925803848,0.0,2.76615588652132,1835.8755982699363
2024-05-29 11:14:59.999000+00:00,2024-05-29 14:49:59.999000+00:00,SHORT,67888.9,67779.5,ERIME_3/4,11.169778742819652,8.40165436147053,0.0,2.768124381349122,1844.2772526314068
2024-05-29 11:14:59.999000+00:00,2024-05-29 15:49:59.999000+00:00,SHORT,67888.9,67471.4,ERIME_4/4,42.62689785308457,39.87135631937956,0.0,2.755541533705016,1884.1486089507864
2024-06-02 20:19:59.999000+00:00,2024-06-02 21:24:59.999000+00:00,SHORT,67643.3,67900.0,ERIME_1/4,-26.813129381494253,-29.65007754667303,0.0,2.8369481651787773,1843.1936397504087
2024-06-02 20:19:59.999000+00:00,2024-06-02 22:24:59.999000+00:00,SHORT,67643.3,67952.4,ERIME_2/4,-32.28647562064563,-35.12561312432007,0.0,2.839137503674438,1808.0680266260886
2024-06-02 20:19:59.999000+00:00,2024-06-02 23:24:59.999000+00:00,SHORT,67643.3,67924.5,ERIME_3/4,-29.372232107815314,-32.21020391408462,0.0,2.837971806269306,1775.857822712004
2024-06-02 20:19:59.999000+00:00,2024-06-03 00:24:59.999000+00:00,SHORT,67643.3,67756.5,ERIME_4/4,-11.824099127328033,-14.655051680405144,0.0,2.830952553077111,1761.2027710315988
2024-06-06 12:59:59.999000+00:00,2024-06-06 14:09:59.999000+00:00,LONG,71230.0,71230.9,ERIME_1/4,0.08344881864654223,-2.558388717428315,0.0,2.641837536074857,1748.077165687981
2024-06-06 12:59:59.999000+00:00,2024-06-06 15:09:59.999000+00:00,LONG,71230.0,71497.3,ERIME_2/4,24.784299138183606,22.132581261980935,0.0,2.651717876202672,1770.209746949962
2024-06-06 12:59:59.999000+00:00,2024-06-06 16:09:59.999000+00:00,LONG,71230.0,71296.4,ERIME_3/4,6.156668397961949,3.512401574055366,0.0,2.6442668239065834,1773.7221485240173
2024-06-06 12:59:59.999000+00:00,2024-06-06 17:09:59.999000+00:00,LONG,71230.0,70885.9,ERIME_4/4,-31.905264996068198,-34.53430704661717,0.0,2.6290420505489713,1739.1878414774
2024-06-07 06:34:59.999000+00:00,2024-06-07 07:39:59.999000+00:00,LONG,71335.1,71171.7,ERIME_1/4,-14.939172298985124,-17.541978392281628,0.0,2.602806093296506,1711.210736036254
2024-06-07 06:34:59.999000+00:00,2024-06-07 08:39:59.999000+00:00,LONG,71335.1,71187.7,ERIME_2/4,-13.47634025012497,-16.07973147624102,0.0,2.60339122611605,1695.131004560013
2024-06-07 06:34:59.999000+00:00,2024-06-07 09:39:59.999000+00:00,LONG,71335.1,71259.4,ERIME_3/4,-6.921024131170669,-9.5270374837343,0.0,2.606013352563632,1685.6039670762786
2024-06-07 06:34:59.999000+00:00,2024-06-07 10:39:59.999000+00:00,LONG,71335.1,71313.4,ERIME_4/4,-1.9839659662676485,-4.591954142097242,0.0,2.6079881758295933,1681.0120129341815
2024-06-10 09:09:59.999000+00:00,2024-06-10 10:49:59.999000+00:00,SHORT,69412.7,69441.9,ERIME_1/4,-2.651831947414155,-5.174410699594393,0.0,2.5225787521802383,1665.751530156982
2024-06-10 09:09:59.999000+00:00,2024-06-10 11:49:59.999000+00:00,SHORT,69412.7,69525.2,ERIME_2/4,-10.21681829055213,-12.742423037269623,0.0,2.525604746717493,1653.0091071197123
2024-06-10 09:09:59.999000+00:00,2024-06-10 12:49:59.999000+00:00,SHORT,69412.7,69475.8,ERIME_3/4,-5.73049985896799,-8.25431007831285,0.0,2.5238102193448597,1644.7547970413996
2024-06-10 09:09:59.999000+00:00,2024-06-10 13:49:59.999000+00:00,SHORT,69412.7,69358.6,ERIME_4/4,4.913154395722498,2.393601638079515,0.0,2.519552757642983,1647.148398679479
2024-06-13 04:49:59.999000+00:00,2024-06-13 06:14:59.999000+00:00,SHORT,67464.1,67460.0,ERIME_1/4,0.37538345030516884,-2.0951889943339275,0.0,2.4705724446390964,1635.1703192930681
2024-06-13 04:49:59.999000+00:00,2024-06-13 07:14:59.999000+00:00,SHORT,67464.1,67563.9,ERIME_2/4,-9.137382522048364,-11.611760073076402,0.0,2.474377551028038,1623.5585592199918
2024-06-13 04:49:59.999000+00:00,2024-06-13 08:14:59.999000+00:00,SHORT,67464.1,67673.6,ERIME_3/4,-19.18117874117591,-21.659573810691597,0.0,2.4783950695156887,1601.8989854093002
2024-06-13 04:49:59.999000+00:00,2024-06-13 09:14:59.999000+00:00,SHORT,67464.1,67496.2,ERIME_4/4,-2.9389777450672034,-5.410875934184449,0.0,2.4718981891172453,1596.4881094751156
2024-06-19 15:29:59.999000+00:00,2024-06-19 17:29:59.999000+00:00,SHORT,64914.3,65140.1,ERIME_1/4,-20.82478447272832,-23.227846550730085,0.0,2.403062078001765,1563.6813342675348
2024-06-19 15:29:59.999000+00:00,2024-06-19 18:29:59.999000+00:00,SHORT,64914.3,65043.7,ERIME_2/4,-11.934132465770485,-14.333638282969467,0.0,2.399505817198982,1549.3476959845652
2024-06-19 15:29:59.999000+00:00,2024-06-19 19:29:59.999000+00:00,SHORT,64914.3,64813.0,ERIME_3/4,9.342562741751463,6.95156760263549,0.0,2.390995139115973,1556.2992635872008
2024-06-19 15:29:59.999000+00:00,2024-06-19 20:29:59.999000+00:00,SHORT,64914.3,64829.7,ERIME_4/4,7.802377176231051,5.41076596288887,0.0,2.3916112133421814,1561.7100295500898
2024-06-28 13:59:59.999000+00:00,2024-06-28 19:19:59.999000+00:00,SHORT,61279.9,60380.1,TP,203.06756451999337,197.61691332974058,5.53187821606077,5.450651190252772,1753.7950646637696
2024-07-02 19:19:59.999000+00:00,2024-07-03 01:14:59.999000+00:00,SHORT,62118.2,62028.6,ERIME_1/4,9.486352497770655,6.859454441774108,0.0,2.6268980559965462,1750.131748717561
2024-07-02 19:19:59.999000+00:00,2024-07-03 02:14:59.999000+00:00,SHORT,62118.2,61535.9,ERIME_2/4,61.650703788525675,59.04467147304543,0.0,2.606032315480244,1809.1764201906064
2024-07-02 19:19:59.999000+00:00,2024-07-03 03:14:59.999000+00:00,SHORT,62118.2,60795.0,ERIME_3/4,140.09309849386503,137.5184431362669,0.0,2.5746553575981084,1946.6948633268735
2024-07-02 19:19:59.999000+00:00,2024-07-03 04:14:59.999000+00:00,SHORT,62118.2,60936.0,ERIME_4/4,125.16479824625695,122.5841715685598,0.0,2.580626677697152,2069.279034895433
2024-07-04 04:24:59.999000+00:00,2024-07-04 05:34:59.999000+00:00,SHORT,58777.5,59012.5,ERIME_1/4,-24.526592461352944,-26.990210397736927,0.0,2.463617936383984,2032.4735953000986
2024-07-04 04:24:59.999000+00:00,2024-07-04 06:34:59.999000+00:00,SHORT,58777.5,58676.6,ERIME_2/4,10.530779486598075,8.08118449899327,0.0,2.4495949876048035,2040.5547797990919
2024-07-04 04:24:59.999000+00:00,2024-07-04 07:34:59.999000+00:00,SHORT,58777.5,58478.0,ERIME_3/4,31.258359328405135,28.817055372737055,0.0,2.4413039556680807,2069.371835171829
2024-07-04 04:24:59.999000+00:00,2024-07-04 08:34:59.999000+00:00,SHORT,58777.5,57988.0,ERIME_4/4,82.39891382229,79.97806608841947,0.0,2.4208477338705268,2149.3499012602483
2024-07-05 01:24:59.999000+00:00,2024-07-05 02:49:59.999000+00:00,SHORT,56818.1,56732.0,ERIME_1/4,4.592035396985217,3.3817434009723497,0.0,1.2102919960128677,2147.8831294205343
2024-07-05 01:24:59.999000+00:00,2024-07-05 03:49:59.999000+00:00,SHORT,56818.1,55318.9,ERIME_2/4,79.95794967665901,78.77780404635801,0.0,1.1801456303009983,2226.6609334668924
2024-07-05 01:24:59.999000+00:00,2024-07-05 04:49:59.999000+00:00,SHORT,56818.1,54326.8,ERIME_3/4,132.87035754366372,131.71137687650952,0.0,1.1589806671541962,2358.3723103434018
2024-07-05 01:24:59.999000+00:00,2024-07-05 05:49:59.999000+00:00,SHORT,56818.1,54719.7,ERIME_4/4,111.91552934998779,110.74816675155613,0.0,1.1673625984316667,2469.120477094958
2024-07-07 17:29:59.999000+00:00,2024-07-07 18:44:59.999000+00:00,SHORT,56842.4,57180.0,ERIME_1/4,-54.992514812924924,-58.71819253449253,0.0,3.725677721567607,2395.5875616978956
2024-07-07 17:29:59.999000+00:00,2024-07-07 19:44:59.999000+00:00,SHORT,56842.4,57098.4,ERIME_2/4,-41.70048516619917,-45.42084607590809,0.0,3.720360909708917,2350.1667156219874
2024-07-07 17:29:59.999000+00:00,2024-07-07 20:44:59.999000+00:00,SHORT,56842.4,57243.2,ERIME_3/4,-65.28732208832987,-69.01711773280765,0.0,3.7297956444777696,2281.14959788918
2024-07-07 17:29:59.999000+00:00,2024-07-07 21:44:59.999000+00:00,SHORT,56842.4,56339.2,ERIME_4/4,81.96751615481097,78.29662244563045,0.0,3.670893709180513,2359.4462203348103
2024-07-11 09:04:59.999000+00:00,2024-07-11 10:39:59.999000+00:00,LONG,58211.4,58360.8,ERIME_1/4,22.708262384044883,19.16000974858905,0.0,3.548252635455833,2364.4495527613904
2024-07-11 09:04:59.999000+00:00,2024-07-11 11:39:59.999000+00:00,LONG,58211.4,58639.1,ERIME_2/4,65.00886092139113,61.44368804652036,0.0,3.5651728748707723,2425.893240807911
2024-07-11 09:04:59.999000+00:00,2024-07-11 12:39:59.999000+00:00,LONG,58211.4,59119.2,ERIME_3/4,137.98233328136308,134.38797101754832,0.0,3.594362263814761,2560.281211825459
2024-07-11 09:04:59.999000+00:00,2024-07-11 13:39:59.999000+00:00,LONG,58211.4,58654.8,ERIME_4/4,67.39520442493598,63.829077012663795,0.0,3.5661274122721895,2624.110288838123
2024-07-12 17:19:59.999000+00:00,2024-07-12 18:39:59.999000+00:00,LONG,58128.0,58421.8,TP,198.94808083728535,183.1238398719217,15.744661733028739,15.824240965363652,2791.4894669770156
2024-07-12 21:34:59.999000+00:00,2024-07-12 22:39:59.999000+00:00,SHORT,57525.6,57654.7,ERIME_1/4,-23.492668276388816,-27.689299544164896,0.0,4.1966312677760795,2747.051230630989
2024-07-12 21:34:59.999000+00:00,2024-07-12 23:39:59.999000+00:00,SHORT,57525.6,57810.0,ERIME_2/4,-51.75301981258783,-55.96095522097839,0.0,4.207935408390559,2691.0902754100102
2024-07-12 21:34:59.999000+00:00,2024-07-13 00:39:59.999000+00:00,SHORT,57525.6,57812.5,ERIME_3/4,-52.20795142134827,-56.416068802382334,0.0,4.2081173810340635,2634.674206607628
2024-07-12 21:34:59.999000+00:00,2024-07-13 01:39:59.999000+00:00,SHORT,57525.6,57838.9,ERIME_4/4,-57.012029209858774,-61.22206822200824,0.0,4.210039012149467,2573.45213838562
2024-07-13 09:29:59.999000+00:00,2024-07-13 09:59:59.999000+00:00,LONG,58178.9,58654.1,TP,315.295869162404,299.7290379844253,15.440712830313721,15.566831177978685,2857.7404635397315
2024-07-13 11:34:59.999000+00:00,2024-07-13 13:14:59.999000+00:00,LONG,58518.2,58664.9,ERIME_1/4,26.865393544313417,22.568036691586094,0.0,4.297356852727321,2863.1620574500794
2024-07-13 11:34:59.999000+00:00,2024-07-13 14:14:59.999000+00:00,LONG,58518.2,58484.3,ERIME_2/4,-6.2081584263942835,-10.492285858333322,0.0,4.284127431939039,2852.669771591746
2024-07-13 11:34:59.999000+00:00,2024-07-13 15:14:59.999000+00:00,LONG,58518.2,58770.1,ERIME_3/4,46.130829133008774,41.825766106045975,0.0,4.3050630269628005,2894.4955376977923
2024-07-13 11:34:59.999000+00:00,2024-07-13 16:14:59.999000+00:00,LONG,58518.2,58825.0,ERIME_4/4,56.184749416463454,51.875664821387275,0.0,4.309084595076182,2946.3712025191794
2024-07-15 00:39:59.999000+00:00,2024-07-15 01:09:59.999000+00:00,LONG,60971.8,61371.1,TP,289.43364502095113,271.6396443478277,17.678227215115076,17.794000673123456,3200.332619651892
2024-07-16 13:34:59.999000+00:00,2024-07-16 14:49:59.999000+00:00,LONG,63920.3,63596.0,ERIME_1/4,-52.808745007790414,-56.951113120667884,0.0,4.14236811287747,3126.727540087702
2024-07-16 13:34:59.999000+00:00,2024-07-16 15:49:59.999000+00:00,LONG,63920.3,64629.7,ERIME_2/4,115.5181119596851,111.30841310402064,0.0,4.2096988556644614,3238.0359531917225
2024-07-16 13:34:59.999000+00:00,2024-07-16 16:49:59.999000+00:00,LONG,63920.3,64327.4,ERIME_3/4,66.29182883956587,62.101820497149454,0.0,4.190008342416413,3300.137773688872
2024-07-16 13:34:59.999000+00:00,2024-07-16 17:49:59.999000+00:00,LONG,63920.3,64486.6,ERIME_4/4,92.21582577215915,88.0154478309697,0.0,4.20037794118945,3388.1532215198417
2024-07-16 22:59:59.999000+00:00,2024-07-16 23:14:59.999000+00:00,LONG,64575.7,64830.3,TP,200.37501959691605,179.96595025995822,20.32891932911905,20.409069336957817,3547.7902524506812
2024-07-19 05:09:59.999000+00:00,2024-07-19 06:19:59.999000+00:00,LONG,64171.8,64373.3,ERIME_1/4,41.77534383495626,36.43694831874625,0.0,5.338395516210006,3562.940459254723
2024-07-19 05:09:59.999000+00:00,2024-07-19 07:19:59.999000+00:00,LONG,64171.8,64014.6,ERIME_2/4,-32.59098784543576,-37.89963682897361,0.0,5.308648983537848,3525.0408224257494
2024-07-19 05:09:59.999000+00:00,2024-07-19 08:19:59.999000+00:00,LONG,64171.8,63442.1,ERIME_3/4,-151.28272157006336,-156.54389386011135,0.0,5.2611722900479965,3368.496928565638
2024-07-19 05:09:59.999000+00:00,2024-07-19 09:19:59.999000+00:00,LONG,64171.8,63973.5,ERIME_4/4,-41.11191405693275,-46.417154669986,0.0,5.3052406130532495,3322.079773895652
2024-07-20 22:09:59.999000+00:00,2024-07-20 23:19:59.999000+00:00,LONG,67164.8,67060.0,ERIME_1/4,-19.438416419627952,-24.413760713903578,0.0,4.975344294275628,3277.7335345383744
2024-07-20 22:09:59.999000+00:00,2024-07-21 00:19:59.999000+00:00,LONG,67164.8,67251.8,ERIME_2/4,16.136853325454055,11.147278923280396,0.0,4.98957440217366,3288.8808134616547
2024-07-20 22:09:59.999000+00:00,2024-07-21 01:19:59.999000+00:00,LONG,67164.8,67083.1,ERIME_3/4,-15.15380364010976,-20.130861779497195,0.0,4.977058139387434,3268.7499516821576
2024-07-20 22:09:59.999000+00:00,2024-07-21 02:19:59.999000+00:00,LONG,67164.8,67281.0,ERIME_4/4,21.552900648479472,16.561159827376603,0.0,4.99174082110287,3285.3111115095344
2024-07-21 23:04:59.999000+00:00,2024-07-22 00:34:59.999000+00:00,LONG,68100.0,68301.1,ERIME_1/4,36.38084055752128,31.438321554033973,0.0,4.94251900348731,3297.037566394511
2024-07-21 23:04:59.999000+00:00,2024-07-22 01:34:59.999000+00:00,LONG,68100.0,67798.1,ERIME_2/4,-54.61648813682319,-59.522608208832764,0.0,4.906120072009572,3237.514958185678
2024-07-21 23:04:59.999000+00:00,2024-07-22 02:34:59.999000+00:00,LONG,68100.0,68144.0,ERIME_3/4,7.960004895727946,3.028854226505353,0.0,4.931150669222593,3240.5438124121833
2024-07-21 23:04:59.999000+00:00,2024-07-22 03:34:59.999000+00:00,LONG,68100.0,67951.4,ERIME_4/4,-26.883107443300435,-31.800320867587416,0.0,4.917213424286982,3208.743491544596
2024-07-25 01:09:59.999000+00:00,2024-07-25 17:34:59.999000+00:00,SHORT,64355.8,64743.8,ERIME_1/4,-15.976462589434202,-17.042830526132974,0.0,1.0663679366987733,3187.4607516118112
2024-07-25 01:09:59.999000+00:00,2024-07-25 18:34:59.999000+00:00,SHORT,64355.8,64937.3,ERIME_2/4,-23.94410565916492,-25.013660653091584,0.0,1.0695549939266658,3162.44709095872
2024-07-25 01:09:59.999000+00:00,2024-07-25 19:34:59.999000+00:00,SHORT,64355.8,64859.6,ERIME_3/4,-20.744695496280624,-21.812970726142137,0.0,1.0682752298615121,3140.6341202325775
2024-07-25 01:09:59.999000+00:00,2024-07-25 20:34:59.999000+00:00,SHORT,64355.8,64717.8,ERIME_4/4,-14.90587489014222,-15.971814591761277,0.0,1.0659397016190566,3124.662305640816
2024-07-25 23:09:59.999000+00:00,2024-07-26 00:34:59.999000+00:00,LONG,65742.1,65892.2,ERIME_1/4,26.75293754363599,22.05524291015731,0.0,4.697694633478678,3127.9695747171286
2024-07-25 23:09:59.999000+00:00,2024-07-26 01:34:59.999000+00:00,LONG,65742.1,66207.7,ERIME_2/4,82.98579427260098,78.26560649643072,0.0,4.720187776170264,3206.2351812135594
2024-07-25 23:09:59.999000+00:00,2024-07-26 02:34:59.999000+00:00,LONG,65742.1,66694.3,ERIME_3/4,169.71450452399463,164.9596252637238,0.0,4.754879260270822,3371.1948064772832
2024-07-25 23:09:59.999000+00:00,2024-07-26 03:34:59.999000+00:00,LONG,65742.1,67061.1,ERIME_4/4,235.09077028686158,230.30974052028563,0.0,4.781029766575968,3601.504546997569
2024-07-28 13:49:59.999000+00:00,2024-07-28 15:09:59.999000+00:00,LONG,67989.7,67666.3,ERIME_1/4,-64.2409753149554,-69.61753574532578,0.0,5.376560430370372,3510.2779839702575
2024-07-28 13:49:59.999000+00:00,2024-07-28 16:09:59.999000+00:00,LONG,67989.7,67667.3,ERIME_2/4,-64.0423328433569,-69.41897273071592,0.0,5.376639887359012,3440.859011239542
2024-07-28 13:49:59.999000+00:00,2024-07-28 17:09:59.999000+00:00,LONG,67989.7,67748.4,ERIME_3/4,-47.93242839671987,-53.31551224585753,0.0,5.383083849137666,3387.5434989936844
2024-07-28 13:49:59.999000+00:00,2024-07-28 18:09:59.999000+00:00,LONG,67989.7,67928.9,ERIME_4/4,-12.077462273189692,-17.47488810877677,0.0,5.397425835587079,3370.0686108849077
2024-07-29 01:29:59.999000+00:00,2024-07-29 02:24:59.999000+00:00,LONG,68669.7,69246.5,TP,343.89881798636833,327.38440085759373,16.376857601580024,16.514417128774575,3681.0761541409215
2024-08-02 16:54:59.999000+00:00,2024-08-02 18:14:59.999000+00:00,SHORT,63306.0,62972.5,ERIME_1/4,72.72052989088697,67.22800387163194,0.0,5.492526019255028,3726.217701087708
2024-08-02 16:54:59.999000+00:00,2024-08-02 19:14:59.999000+00:00,SHORT,63306.0,62756.4,ERIME_2/4,119.84168883967426,114.36801128399875,0.0,5.473677555675513,3840.585712371707
2024-08-02 16:54:59.999000+00:00,2024-08-02 20:14:59.999000+00:00,SHORT,63306.0,62925.3,ERIME_3/4,83.0126108829399,77.52420169608169,0.0,5.488409186858207,3918.1099140677884
2024-08-02 16:54:59.999000+00:00,2024-08-02 21:14:59.999000+00:00,SHORT,63306.0,61881.7,ERIME_4/4,310.5722660377527,305.1748807129564,0.0,5.397385324796281,4223.284794780745
2024-08-14 16:04:59.999000+00:00,2024-08-15 01:59:59.999000+00:00,SHORT,59215.1,58172.7,TP,634.4939873225014,620.3304307698094,14.417354147621108,14.163556552692107,4829.197871402933
2024-08-16 14:09:59.999000+00:00,2024-08-16 15:19:59.999000+00:00,SHORT,58091.9,58067.8,ERIME_1/4,5.392863429999166,0.19532459048838646,0.0,5.19753883951078,4808.594412053891
2024-08-16 14:09:59.999000+00:00,2024-08-16 16:19:59.999000+00:00,SHORT,58091.9,58280.6,ERIME_2/4,-42.225449346094955,-47.442035510716174,0.0,5.2165861646212175,4761.152376543175
2024-08-16 14:09:59.999000+00:00,2024-08-16 17:19:59.999000+00:00,SHORT,58091.9,58539.8,ERIME_3/4,-100.22670250194108,-105.46648916782463,0.0,5.239786665883557,4655.68588737535
2024-08-16 14:09:59.999000+00:00,2024-08-16 18:19:59.999000+00:00,SHORT,58091.9,59266.2,ERIME_4/4,-262.7734243090614,-268.0782296636678,0.0,5.304805354606404,4387.607657711682
2024-08-21 13:59:59.999000+00:00,2024-08-21 15:14:59.999000+00:00,LONG,59904.0,59512.3,ERIME_1/4,-36.31428069359234,-38.52122107339453,0.0,2.2069403798021874,4340.200572269969
2024-08-21 13:59:59.999000+00:00,2024-08-21 16:14:59.999000+00:00,LONG,59904.0,59404.5,ERIME_2/4,-46.30835641166584,-48.5112991611808,0.0,2.202942749514958,4291.689273108788
2024-08-21 13:59:59.999000+00:00,2024-08-21 17:14:59.999000+00:00,LONG,59904.0,59794.3,ERIME_3/4,-10.170223620339554,-12.387621622971043,0.0,2.217398002631488,4279.301651485817
2024-08-21 13:59:59.999000+00:00,2024-08-21 18:14:59.999000+00:00,LONG,59904.0,59997.3,ERIME_4/4,8.649789095512627,6.424863087794798,0.0,2.224926007717829,4285.726514573612
2024-08-30 00:09:59.999000+00:00,2024-08-30 01:29:59.999000+00:00,SHORT,59199.0,59043.0,ERIME_1/4,42.35122233526855,35.93957305234224,0.0,6.4116492829263105,4295.951728538512
2024-08-30 00:09:59.999000+00:00,2024-08-30 02:29:59.999000+00:00,SHORT,59199.0,59168.0,ERIME_2/4,8.41594802816234,1.9907246355131871,0.0,6.425223392649153,4297.942453174025
2024-08-30 00:09:59.999000+00:00,2024-08-30 03:29:59.999000+00:00,SHORT,59199.0,58973.5,ERIME_3/4,61.2192348500196,54.81513277209919,0.0,6.40410207792041,4352.757585946124
2024-08-30 00:09:59.999000+00:00,2024-08-30 04:29:59.999000+00:00,SHORT,59199.0,59016.7,ERIME_4/4,49.49120404948449,43.082410759243864,0.0,6.408793290240625,4395.839996705367
2024-08-30 04:54:59.999000+00:00,2024-08-30 05:14:59.999000+00:00,SHORT,59001.1,58849.0,TP,169.98172834884772,143.67468105995505,26.375039980232206,26.307047288892665,4513.139637785091
2024-08-31 18:54:59.999000+00:00,2024-08-31 22:39:59.999000+00:00,SHORT,58884.5,59029.2,ERIME_1/4,-41.58891382202592,-48.37525884423237,0.0,6.786345022206447,4437.685541114148
2024-08-31 18:54:59.999000+00:00,2024-08-31 23:39:59.999000+00:00,SHORT,58884.5,58914.3,ERIME_2/4,-8.564959446416852,-15.338094886873055,0.0,6.773135440456202,4422.347446227274
2024-08-31 18:54:59.999000+00:00,2024-09-01 00:39:59.999000+00:00,SHORT,58884.5,58959.4,ERIME_3/4,-21.527364514650067,-28.305684917133565,0.0,6.778320402483497,4394.041761310141
2024-08-31 18:54:59.999000+00:00,2024-09-01 01:39:59.999000+00:00,SHORT,58884.5,58840.5,ERIME_4/4,12.646248847057205,5.881597889918392,0.0,6.764650957138813,4399.923359200059
2024-09-01 03:54:59.999000+00:00,2024-09-01 05:34:59.999000+00:00,SHORT,58464.3,57854.0,ERIME_1/4,172.23800845899603,165.70701862357956,0.0,6.53098983541649,4539.230837668439
2024-09-01 03:54:59.999000+00:00,2024-09-01 06:34:59.999000+00:00,SHORT,58464.3,58126.1,ERIME_2/4,95.4463287904849,88.884622283201,0.0,6.561706507283895,4628.115459951639
2024-09-01 03:54:59.999000+00:00,2024-09-01 07:34:59.999000+00:00,SHORT,58464.3,58173.3,ERIME_3/4,82.1256111118591,75.55857631750375,0.0,6.567034794355345,4703.6740362691435
2024-09-01 03:54:59.999000+00:00,2024-09-01 08:34:59.999000+00:00,SHORT,58464.3,58195.6,ERIME_4/4,75.83213644589999,69.26258426167826,0.0,6.569552184221728,4772.9366205308215
2024-09-04 09:34:59.999000+00:00,2024-09-04 10:44:59.999000+00:00,SHORT,56693.4,56494.9,ERIME_1/4,62.66787133789172,55.53353355563064,0.0,7.134337782261076,4799.832534363268
2024-09-04 09:34:59.999000+00:00,2024-09-04 11:44:59.999000+00:00,SHORT,56693.4,56590.8,ERIME_2/4,32.39155465625994,25.245106347326214,0.0,7.146448308933729,4825.077640710594
2024-09-04 09:34:59.999000+00:00,2024-09-04 12:44:59.999000+00:00,SHORT,56693.4,56702.6,ERIME_3/4,-2.9045058756091757,-10.065072608755653,0.0,7.160566733146477,4815.012568101838
2024-09-04 09:34:59.999000+00:00,2024-09-04 13:44:59.999000+00:00,SHORT,56693.4,56383.9,ERIME_4/4,97.7113661414483,90.59104575710865,0.0,7.120320384339654,4905.603613858947
2024-09-05 05:54:59.999000+00:00,2024-09-05 06:59:59.999000+00:00,SHORT,57131.5,56882.7,ERIME_1/4,80.11216529813589,72.78580474346673,0.0,7.326360554669166,4948.95579691926
2024-09-05 05:54:59.999000+00:00,2024-09-05 07:59:59.999000+00:00,SHORT,57131.5,57127.0,ERIME_2/4,1.4489740508103188,-5.908851780357777,0.0,7.357825831168096,4943.046945138903
2024-09-05 05:54:59.999000+00:00,2024-09-05 08:59:59.999000+00:00,SHORT,57131.5,56984.0,ERIME_3/4,47.494149443227116,40.154741682215985,0.0,7.339407761011129,4983.2016868211185
2024-09-05 05:54:59.999000+00:00,2024-09-05 09:59:59.999000+00:00,SHORT,57131.5,56768.0,ERIME_4/4,117.04490388212241,109.73331642288684,0.0,7.311587459235572,5092.935003244005
2024-09-05 23:34:59.999000+00:00,2024-09-06 00:39:59.999000+00:00,SHORT,56005.0,55993.3,ERIME_1/4,3.9898673916128056,-3.647939166296559,0.0,7.637806557909364,5058.729454058244
2024-09-05 23:34:59.999000+00:00,2024-09-06 01:39:59.999000+00:00,SHORT,56005.0,56430.9,ERIME_2/4,-145.23799334088227,-152.93549104308462,0.0,7.697497702202363,4905.7939630151595
2024-09-05 23:34:59.999000+00:00,2024-09-06 02:39:59.999000+00:00,SHORT,56005.0,56756.1,ERIME_3/4,-256.13584596932634,-263.8777028125801,0.0,7.741856843253741,4641.916260202579
2024-09-05 23:34:59.999000+00:00,2024-09-06 03:39:59.999000+00:00,SHORT,56005.0,56710.5,ERIME_4/4,-240.58559357124227,-248.32123031353677,0.0,7.735636742294506,4393.595029889042
2024-09-07 19:04:59.999000+00:00,2024-09-07 20:24:59.999000+00:00,SHORT,54218.1,54238.8,ERIME_1/4,-6.290386682587712,-12.88329538209431,0.0,6.592908699506599,4354.350164327613
2024-09-07 19:04:59.999000+00:00,2024-09-07 21:24:59.999000+00:00,SHORT,54218.1,54167.4,ERIME_2/4,15.406889121116496,8.82265933193138,0.0,6.584229789185117,4363.1728236595445
2024-09-07 19:04:59.999000+00:00,2024-09-07 22:24:59.999000+00:00,SHORT,54218.1,53967.1,ERIME_3/4,76.27473706904264,69.7148544190367,0.0,6.559882650005947,4432.887678078581
2024-09-07 19:04:59.999000+00:00,2024-09-07 23:24:59.999000+00:00,SHORT,54218.1,53979.9,ERIME_4/4,72.38502936193521,65.82359082884642,0.0,6.561438533088789,4498.711268907427
2024-09-08 14:14:59.999000+00:00,2024-09-08 18:44:59.999000+00:00,SHORT,54106.6,54385.0,ERIME_1/4,-60.50440663110311,-65.23218271534525,0.0,4.727776084242135,4414.664788905723
2024-09-08 14:14:59.999000+00:00,2024-09-08 19:44:59.999000+00:00,SHORT,54106.6,54326.6,ERIME_2/4,-47.81239029756686,-52.53508957527558,0.0,4.72269927770872,4362.129699330448
2024-09-08 14:14:59.999000+00:00,2024-09-08 20:44:59.999000+00:00,SHORT,54106.6,54181.6,ERIME_3/4,-16.299678510534157,-21.009772703528064,0.0,4.710094192993907,4341.11992662692
2024-09-08 14:14:59.999000+00:00,2024-09-08 21:44:59.999000+00:00,SHORT,54106.6,54422.4,ERIME_4/4,-68.63251298168979,-73.36354030847215,0.0,4.731027326782369,4267.756386318448
2024-09-10 09:44:59.999000+00:00,2024-09-10 10:59:59.999000+00:00,LONG,57187.0,57140.0,ERIME_1/4,-12.83056824031772,-19.070046276502865,0.0,6.239478036185146,4223.70789898802
2024-09-10 09:44:59.999000+00:00,2024-09-10 11:59:59.999000+00:00,LONG,57187.0,57190.1,ERIME_2/4,0.8462715222333248,-5.398677249856841,0.0,6.244948772090166,4218.309221738164
2024-09-10 09:44:59.999000+00:00,2024-09-10 12:59:59.999000+00:00,LONG,57187.0,57169.2,ERIME_3/4,-4.859236482504102,-11.101903051392373,0.0,6.2426665688882705,4207.207318686771
2024-09-10 09:44:59.999000+00:00,2024-09-10 13:59:59.999000+00:00,LONG,57187.0,56706.0,ERIME_4/4,-131.30858135303882,-137.5006681839789,0.0,6.192086830940057,4069.706650502792
2024-09-11 22:59:59.999000+00:00,2024-09-12 00:54:59.999000+00:00,LONG,57443.6,57584.3,ERIME_1/4,37.380647652159716,31.261135417344665,0.0,6.119512234815051,4076.5495460171196
2024-09-11 22:59:59.999000+00:00,2024-09-12 01:54:59.999000+00:00,LONG,57443.6,57734.3,ERIME_2/4,77.23208438153983,71.09663157203303,0.0,6.135452809506803,4147.646177589153
2024-09-11 22:59:59.999000+00:00,2024-09-12 02:54:59.999000+00:00,LONG,57443.6,57900.2,ERIME_3/4,121.3077734042327,115.15469031911682,0.0,6.15308308511588,4262.8008679082695
2024-09-11 22:59:59.999000+00:00,2024-09-12 03:54:59.999000+00:00,LONG,57443.6,58217.8,ERIME_4/4,205.6865487725751,199.4997141773119,0.0,6.186834595263217,4462.3005820855815
2024-09-12 19:09:59.999000+00:00,2024-09-12 20:34:59.999000+00:00,LONG,58361.3,58181.1,ERIME_1/4,-37.449790872465684,-42.28635031248779,0.0,4.83655944002211,4400.608074347609
2024-09-12 19:09:59.999000+00:00,2024-09-12 21:34:59.999000+00:00,LONG,58361.3,58000.1,ERIME_2/4,-75.06584052793806,-79.88735354809799,0.0,4.82151302015992,4320.720720799511
2024-09-12 19:09:59.999000+00:00,2024-09-12 22:34:59.999000+00:00,LONG,58361.3,58130.9,ERIME_3/4,-47.88252950619278,-52.7149158507614,0.0,4.832386344568619,4268.005804948749
2024-09-12 19:09:59.999000+00:00,2024-09-12 23:34:59.999000+00:00,LONG,58361.3,58058.9,ERIME_4/4,-62.84581997687793,-67.67222100525827,0.0,4.826401028380345,4200.33358394349
2024-09-14 22:34:59.999000+00:00,2024-09-15 00:29:59.999000+00:00,LONG,59999.0,60037.1,ERIME_1/4,10.00221105028256,3.6977097899472104,0.0,6.304501260335349,4178.829292229777
2024-09-14 22:34:59.999000+00:00,2024-09-15 01:29:59.999000+00:00,LONG,59999.0,60152.0,ERIME_2/4,40.16635933578189,33.849792416132345,0.0,6.316566919649548,4212.679084645909
2024-09-14 22:34:59.999000+00:00,2024-09-15 02:29:59.999000+00:00,LONG,59999.0,60136.1,ERIME_3/4,35.992208267553195,29.67731100833094,0.0,6.314897259222257,4242.35639565424
2024-09-14 22:34:59.999000+00:00,2024-09-15 03:29:59.999000+00:00,LONG,59999.0,60144.9,ERIME_4/4,38.30243024242246,31.986608894410256,0.0,6.3158213480122045,4274.34300454865
2024-09-15 14:44:59.999000+00:00,2024-09-15 14:59:59.999000+00:00,LONG,60114.3,60242.6,TP,136.8388738162733,111.13808023945488,25.6460580272919,25.700793576818413,4359.835026760814
2024-09-17 12:09:59.999000+00:00,2024-09-17 13:14:59.999000+00:00,LONG,59189.9,59186.3,ERIME_1/4,-0.994388786959383,-7.533743571585819,0.0,6.539354784626436,4326.142273028663
2024-09-17 12:09:59.999000+00:00,2024-09-17 14:14:59.999000+00:00,LONG,59189.9,59708.1,ERIME_2/4,143.13674150071046,136.53973426396897,0.0,6.597007236741504,4462.682007292632
2024-09-17 12:09:59.999000+00:00,2024-09-17 15:14:59.999000+00:00,LONG,59189.9,61017.1,ERIME_3/4,504.70755320358785,497.9659176421652,0.0,6.741635561422655,4960.647924934798
2024-09-17 12:09:59.999000+00:00,2024-09-17 16:14:59.999000+00:00,LONG,59189.9,61088.0,ERIME_4/4,524.2914879245462,517.5420187892352,0.0,6.749469135311038,5478.189943724033
2024-09-22 22:39:59.999000+00:00,2024-09-23 01:14:59.999000+00:00,LONG,63321.1,63721.6,ERIME_1/4,60.05515709292359,56.23312393615711,0.0,3.8220331567664814,5519.231023284473
2024-09-22 22:39:59.999000+00:00,2024-09-23 02:14:59.999000+00:00,LONG,63321.1,63792.7,ERIME_2/4,70.71663441953227,66.89033667183514,0.0,3.826297747697125,5586.121359956308
2024-09-22 22:39:59.999000+00:00,2024-09-23 03:14:59.999000+00:00,LONG,63321.1,64286.4,ERIME_3/4,144.74717388713935,140.89126392365517,0.0,3.8559099634841685,5727.012623879963
2024-09-22 22:39:59.999000+00:00,2024-09-23 04:14:59.999000+00:00,LONG,63321.1,64298.2,ERIME_4/4,146.51658925217365,142.65997152254346,0.0,3.8566177296301816,5869.672595402507
2024-09-26 09:34:59.999000+00:00,2024-09-26 10:49:59.999000+00:00,LONG,63815.5,64292.6,ERIME_1/4,164.5615560835452,155.69122256800804,0.0,8.87033351553718,5990.1457823981
2024-09-26 09:34:59.999000+00:00,2024-09-26 11:49:59.999000+00:00,LONG,63815.5,64363.1,ERIME_2/4,188.87844919586962,179.9983889230875,0.0,8.88006027278211,6170.144171321187
2024-09-26 09:34:59.999000+00:00,2024-09-26 12:49:59.999000+00:00,LONG,63815.5,64487.4,ERIME_3/4,231.7520635768908,222.85485385835628,0.0,8.897209718534517,6392.999025179543
2024-09-26 09:34:59.999000+00:00,2024-09-26 13:49:59.999000+00:00,LONG,63815.5,64252.6,ERIME_4/4,150.7647372964108,141.89992250838847,0.0,8.864814788022326,6534.8989476879315
2024-09-28 19:54:59.999000+00:00,2024-09-28 20:04:59.999000+00:00,LONG,65695.2,65735.2,TP,59.68380290512486,20.45053569783522,39.20939368612759,39.233267207289636,6516.140089699639
2024-09-29 13:14:59.999000+00:00,2024-09-29 15:54:59.999000+00:00,LONG,65737.5,65741.0,ERIME_1/4,1.3009977361066023,-8.4737327975373,0.0,9.774730533643902,6468.569516363904
2024-09-29 13:14:59.999000+00:00,2024-09-29 16:54:59.999000+00:00,LONG,65737.5,65749.2,ERIME_2/4,4.349049574983846,-5.4269001793956075,0.0,9.775949754379454,6463.142616184508
2024-09-29 13:14:59.999000+00:00,2024-09-29 17:54:59.999000+00:00,LONG,65737.5,65776.4,ERIME_3/4,14.459660552725502,4.679666553954952,0.0,9.77999399877055,6467.822282738463
2024-09-29 13:14:59.999000+00:00,2024-09-29 18:54:59.999000+00:00,LONG,65737.5,65758.5,ERIME_4/4,7.805986416639614,-1.9713461124765015,0.0,9.777332529116116,6465.850936625987
2024-10-03 11:34:59.999000+00:00,2024-10-03 12:44:59.999000+00:00,SHORT,60591.0,60460.8,ERIME_1/4,43.320092210052394,35.273494879503716,0.0,8.046597330548677,6468.868730035761
2024-10-03 11:34:59.999000+00:00,2024-10-03 13:44:59.999000+00:00,SHORT,60591.0,60210.2,ERIME_2/4,126.69962452832907,118.6863790107077,0.0,8.013245517621366,6587.555109046469
2024-10-03 11:34:59.999000+00:00,2024-10-03 14:44:59.999000+00:00,SHORT,60591.0,60348.6,ERIME_3/4,80.65123158000766,72.61956670520696,0.0,8.031664874800695,6660.174675751676
2024-10-03 11:34:59.999000+00:00,2024-10-03 15:44:59.999000+00:00,SHORT,60591.0,60230.1,ERIME_4/4,120.07850444399632,112.06261047834123,0.0,8.0158939656551,6772.237286230017
2024-10-07 06:24:59.999000+00:00,2024-10-07 08:39:59.999000+00:00,LONG,63531.0,63548.0,ERIME_1/4,6.7955821094766895,-3.365492052712127,0.0,10.161074162188816,6728.238370459924
2024-10-07 06:24:59.999000+00:00,2024-10-07 09:39:59.999000+00:00,LONG,63531.0,63140.1,ERIME_2/4,-156.25841450555575,-166.35426706909854,0.0,10.095852563542802,6561.884103390826
2024-10-07 06:24:59.999000+00:00,2024-10-07 10:39:59.999000+00:00,LONG,63531.0,62969.5,ERIME_3/4,-224.4540796747742,-234.52265397224932,0.0,10.068574297475116,6327.361449418577
2024-10-07 06:24:59.999000+00:00,2024-10-07 11:39:59.999000+00:00,LONG,63531.0,62857.7,ERIME_4/4,-269.14502554768677,-279.19572346681275,0.0,10.050697919125952,6048.165725951764
2024-10-08 01:24:59.999000+00:00,2024-10-08 02:34:59.999000+00:00,SHORT,62412.9,62468.8,ERIME_1/4,-20.313857236287234,-29.394231368109395,0.0,9.080374131822161,5982.482500227945
2024-10-08 01:24:59.999000+00:00,2024-10-08 03:34:59.999000+00:00,SHORT,62412.9,62640.1,ERIME_2/4,-82.56365588701753,-91.66892993829998,0.0,9.105274051282453,5890.813570289645
2024-10-08 01:24:59.999000+00:00,2024-10-08 04:34:59.999000+00:00,SHORT,62412.9,62735.8,ERIME_3/4,-117.34068875844376,-126.45987362287478,0.0,9.119184864431023,5764.353696666771
2024-10-08 01:24:59.999000+00:00,2024-10-08 05:34:59.999000+00:00,SHORT,62412.9,62411.0,ERIME_4/4,0.6904531082106314,-8.38151929947373,0.0,9.071972407684362,5755.972177367297
2024-10-09 10:24:59.999000+00:00,2024-10-09 12:09:59.999000+00:00,SHORT,62080.4,62079.9,ERIME_1/4,0.17384629983962221,-8.460042427691388,0.0,8.63388872753101,5712.976301875402
2024-10-09 10:24:59.999000+00:00,2024-10-09 13:09:59.999000+00:00,SHORT,62080.4,61822.5,ERIME_2/4,89.66992145727764,81.0718311598096,0.0,8.598090297468037,5794.048133035211
2024-10-09 10:24:59.999000+00:00,2024-10-09 14:09:59.999000+00:00,SHORT,62080.4,61879.2,ERIME_3/4,69.9557510554655,61.34977508983674,0.0,8.60597596562876,5855.397908125048
2024-10-09 10:24:59.999000+00:00,2024-10-09 15:09:59.999000+00:00,SHORT,62080.4,61943.8,ERIME_4/4,47.494809116184285,38.87984877377981,0.0,8.614960342404475,5894.277756898828
2024-10-09 22:24:59.999000+00:00,2024-10-10 00:04:59.999000+00:00,SHORT,60687.9,60572.9,ERIME_1/4,41.884910874533794,33.060248203535366,0.0,8.824662670998428,5891.9723385609705
2024-10-09 22:24:59.999000+00:00,2024-10-10 01:04:59.999000+00:00,SHORT,60687.9,60532.5,ERIME_2/4,56.599262173066194,47.780485242587176,0.0,8.818776930479014,5939.7528238035575
2024-10-09 22:24:59.999000+00:00,2024-10-10 02:04:59.999000+00:00,SHORT,60687.9,60848.3,ERIME_3/4,-58.420345254567664,-67.28513002801773,0.0,8.864784773450069,5872.467693775539
2024-10-09 22:24:59.999000+00:00,2024-10-10 03:04:59.999000+00:00,SHORT,60687.9,60846.1,ERIME_4/4,-57.619068698705426,-66.48353296153314,0.0,8.864464262827724,5805.984160814006
2024-10-14 01:29:59.999000+00:00,2024-10-14 02:44:59.999000+00:00,LONG,62748.2,62579.2,ERIME_1/4,-58.63980898122778,-67.3253292988563,0.0,8.68552031762852,5703.822926550265
2024-10-14 01:29:59.999000+00:00,2024-10-14 03:44:59.999000+00:00,LONG,62748.2,64003.6,ERIME_2/4,435.6000958286002,426.71687954904775,0.0,8.883216279552451,6130.539806099313
2024-10-14 01:29:59.999000+00:00,2024-10-14 04:44:59.999000+00:00,LONG,62748.2,64270.4,ERIME_3/4,528.1746581729301,519.2544120684399,0.0,8.920246104490182,6649.794218167753
2024-10-14 01:29:59.999000+00:00,2024-10-14 05:44:59.999000+00:00,LONG,62748.2,63926.0,ERIME_4/4,408.67436105378846,399.80191506814595,0.0,8.872445985642525,7049.596133235898
2024-10-15 15:49:59.999000+00:00,2024-10-15 16:09:59.999000+00:00,LONG,66007.1,66376.2,TP,591.3013750287413,548.7672776793144,42.29757679941539,42.534097349426894,7556.065834115797
2024-10-18 00:24:59.999000+00:00,2024-10-18 01:34:59.999000+00:00,LONG,67397.0,67615.8,ERIME_1/4,91.98854573485606,80.61765156538843,0.0,11.370894169467638,7591.347090676491
2024-10-18 00:24:59.999000+00:00,2024-10-18 02:34:59.999000+00:00,LONG,67397.0,67964.3,ERIME_2/4,238.50595061875418,227.07644948733298,0.0,11.4295011314212,7818.423540163823
2024-10-18 00:24:59.999000+00:00,2024-10-18 03:34:59.999000+00:00,LONG,67397.0,67886.0,ERIME_3/4,205.5868321039489,194.17049861993362,0.0,11.416333484015276,8012.594038783757
2024-10-18 00:24:59.999000+00:00,2024-10-18 04:34:59.999000+00:00,LONG,67397.0,67798.1,ERIME_4/4,168.63165308158506,157.23010166917874,0.0,11.40155141240633,8169.824140452936
2024-10-20 09:34:59.999000+00:00,2024-10-20 10:14:59.999000+00:00,LONG,68386.0,68432.9,TP,84.04456003872032,34.99199737198721,49.018944842717616,49.05256266673311,8155.797192982206
2024-10-25 18:59:59.999000+00:00,2024-10-25 22:39:59.999000+00:00,SHORT,66993.1,67196.7,ERIME_1/4,-60.66196937985172,-68.67038619287187,0.0,8.008416813020151,8055.190198688261
2024-10-25 18:59:59.999000+00:00,2024-10-25 23:39:59.999000+00:00,SHORT,66993.1,66320.2,ERIME_2/4,200.48840469402998,192.58444803063938,0.0,7.903956663390598,8247.7746467189
2024-10-25 18:59:59.999000+00:00,2024-10-26 00:39:59.999000+00:00,SHORT,66993.1,66735.5,ERIME_3/4,76.75109681852076,68.79764523197996,0.0,7.953451586540802,8316.57229195088
2024-10-25 18:59:59.999000+00:00,2024-10-26 01:39:59.999000+00:00,SHORT,66993.1,66611.0,ERIME_4/4,113.8454739687755,105.9068601330948,0.0,7.938613835680701,8422.479152083975
2024-10-26 13:49:59.999000+00:00,2024-10-26 18:09:59.999000+00:00,SHORT,66881.0,67124.0,ERIME_1/4,-114.75582194250269,-127.43544299940565,0.0,12.679621056902965,8244.508834172066
2024-10-26 13:49:59.999000+00:00,2024-10-26 19:09:59.999000+00:00,SHORT,66881.0,67042.3,ERIME_2/4,-76.17330896841983,-88.83749702013316,0.0,12.664188051713332,8155.671337151933
2024-10-26 13:49:59.999000+00:00,2024-10-26 20:09:59.999000+00:00,SHORT,66881.0,67188.9,ERIME_3/4,-145.404599078584,-158.0964796463414,0.0,12.691880567757398,7997.574857505591
2024-10-26 13:49:59.999000+00:00,2024-10-26 21:09:59.999000+00:00,SHORT,66881.0,67224.9,ERIME_4/4,-162.4054615885844,-175.1041425013458,0.0,12.698680912761397,7822.470715004246
2024-11-11 06:34:59.999000+00:00,2024-11-11 07:44:59.999000+00:00,LONG,81240.0,81041.4,ERIME_1/4,-54.61204903112871,-63.52612135812002,0.0,8.914072326991308,7723.200925059711
2024-11-11 06:34:59.999000+00:00,2024-11-11 08:44:59.999000+00:00,LONG,81240.0,81250.0,ERIME_2/4,2.7498514114364103,-6.187165675731924,0.0,8.937017087168334,7717.013759383979
2024-11-11 06:34:59.999000+00:00,2024-11-11 09:44:59.999000+00:00,LONG,81240.0,81488.2,ERIME_3/4,68.2513120318509,59.2880943604344,0.0,8.9632176714165,7776.301853744413
2024-11-11 06:34:59.999000+00:00,2024-11-11 10:44:59.999000+00:00,LONG,81240.0,82085.8,ERIME_4/4,232.58243237929238,223.5534822597369,0.0,9.028950119555475,7999.85533600415
2024-11-12 22:59:59.999000+00:00,2024-11-13 00:04:59.999000+00:00,LONG,88631.6,88185.1,ERIME_1/4,-151.12846635084946,-163.06779796831535,0.0,11.939331617465886,7788.788406019809
2024-11-12 22:59:59.999000+00:00,2024-11-13 01:04:59.999000+00:00,LONG,88631.6,88120.6,ERIME_2/4,-172.96001412157688,-184.89061311993447,0.0,11.930598998357596,7603.897792899875
2024-11-12 22:59:59.999000+00:00,2024-11-13 02:04:59.999000+00:00,LONG,88631.6,88214.4,ERIME_3/4,-141.21118961159274,-153.15448813975433,0.0,11.94329852816159,7450.743304760121
2024-11-12 22:59:59.999000+00:00,2024-11-13 03:04:59.999000+00:00,LONG,88631.6,87924.9,ERIME_4/4,-239.19929937322974,-251.10340265748667,0.0,11.904103284256935,7199.639902102634
2024-11-19 14:49:59.999000+00:00,2024-11-19 16:24:59.999000+00:00,LONG,92177.6,92499.9,ERIME_1/4,51.9808505597084,46.01346181792975,0.0,5.967388741778647,7221.866978314344
2024-11-19 14:49:59.999000+00:00,2024-11-19 17:24:59.999000+00:00,LONG,92177.6,92656.0,ERIME_2/4,77.15680703619329,71.17934791182404,0.0,5.977459124369242,7293.046326226168
2024-11-19 14:49:59.999000+00:00,2024-11-19 18:24:59.999000+00:00,LONG,92177.6,93114.3,ERIME_3/4,151.07186695401944,145.06484180568307,0.0,6.007025148336371,7438.111168031852
2024-11-19 14:49:59.999000+00:00,2024-11-19 19:24:59.999000+00:00,LONG,92177.6,93657.2,ERIME_4/4,238.6312953402013,232.58924642051045,0.0,6.042048919690845,7670.700414452363
2024-11-20 10:09:59.999000+00:00,2024-11-20 12:14:59.999000+00:00,LONG,93294.0,93640.0,ERIME_1/4,106.68139202683925,95.13266884834997,0.0,11.54872317848928,7719.808880813998
2024-11-20 10:09:59.999000+00:00,2024-11-20 13:14:59.999000+00:00,LONG,93294.0,93951.3,ERIME_2/4,202.66381207873337,191.07669593222334,0.0,11.587116146510038,7910.885576746222
2024-11-20 10:09:59.999000+00:00,2024-11-20 14:14:59.999000+00:00,LONG,93294.0,94369.8,ERIME_3/4,331.6989639955895,320.06023378831276,0.0,11.63873020727678,8230.945810534535
2024-11-20 10:09:59.999000+00:00,2024-11-20 15:14:59.999000+00:00,LONG,93294.0,94329.8,ERIME_4/4,319.3658550907526,307.7320581270377,0.0,11.633796963714845,8538.677868661573
2024-11-25 00:19:59.999000+00:00,2024-11-25 01:24:59.999000+00:00,LONG,97960.1,97005.6,ERIME_1/4,-311.99570127164543,-324.6789197941291,0.0,12.6832185224837,8162.766881655474
2024-11-25 00:19:59.999000+00:00,2024-11-25 02:24:59.999000+00:00,LONG,97960.1,97724.2,ERIME_2/4,-77.10820946043361,-89.8853829796418,0.0,12.777173519208185,8072.8814986758325
2024-11-25 00:19:59.999000+00:00,2024-11-25 03:24:59.999000+00:00,LONG,97960.1,97742.6,ERIME_3/4,-71.09383449615808,-83.87341376535198,0.0,12.779579269193896,7989.008084910481
2024-11-25 00:19:59.999000+00:00,2024-11-25 04:24:59.999000+00:00,LONG,97960.1,97782.8,ERIME_4/4,-57.95373267204153,-70.73856798196508,0.0,12.784835309923542,7918.269516928515
2024-12-02 10:04:59.999000+00:00,2024-12-02 13:29:59.999000+00:00,SHORT,95300.0,95747.1,ERIME_1/4,-139.30712097398157,-151.24024809776392,0.0,11.933127123782365,7719.519651729181
2024-12-02 10:04:59.999000+00:00,2024-12-02 14:29:59.999000+00:00,SHORT,95300.0,95955.9,ERIME_2/4,-204.36488625996984,-216.3240364898666,0.0,11.95915022989676,7503.195615239314
2024-12-02 10:04:59.999000+00:00,2024-12-02 15:29:59.999000+00:00,SHORT,95300.0,96720.1,ERIME_3/4,-442.4738145720185,-454.5282083732401,0.0,12.054393801221579,7048.667406866074
2024-12-02 10:04:59.999000+00:00,2024-12-02 16:29:59.999000+00:00,SHORT,95300.0,96657.1,ERIME_4/4,-422.844316425383,-434.8908584273459,0.0,12.046542001962926,6613.776548438728
2024-12-04 03:09:59.999000+00:00,2024-12-04 04:14:59.999000+00:00,LONG,95978.4,95814.9,ERIME_1/4,-42.2498369035272,-52.15360179142389,0.0,9.903764887896683,6521.940287356671
2024-12-04 03:09:59.999000+00:00,2024-12-04 05:14:59.999000+00:00,LONG,95978.4,96136.6,ERIME_2/4,40.880270325006094,30.943253394217997,0.0,9.937016930788095,6552.88354075089
2024-12-04 03:09:59.999000+00:00,2024-12-04 06:14:59.999000+00:00,LONG,95978.4,96406.2,ERIME_3/4,110.5472796778536,100.58239594332436,0.0,9.964883734529234,6653.465936694214
2024-12-04 03:09:59.999000+00:00,2024-12-04 07:14:59.999000+00:00,LONG,95978.4,96534.1,ERIME_4/4,143.59776371431536,133.61965978617155,0.0,9.97810392814382,6787.085596480386
2024-12-04 22:24:59.999000+00:00,2024-12-05 02:09:59.999000+00:00,LONG,98540.6,98551.5,ERIME_1/4,1.6838975645279977,-4.4060338421020795,0.0,6.089931406630077,6758.322531247866
2024-12-04 22:24:59.999000+00:00,2024-12-05 03:09:59.999000+00:00,LONG,98540.6,103682.8,ERIME_2/4,794.3979868183935,787.9909697760619,0.0,6.407017042331623,7546.313501023928
2024-12-04 22:24:59.999000+00:00,2024-12-05 04:09:59.999000+00:00,LONG,98540.6,103389.9,ERIME_3/4,749.149032997244,742.7601155364408,0.0,6.388917460803163,8289.073616560368
2024-12-04 22:24:59.999000+00:00,2024-12-05 05:09:59.999000+00:00,LONG,98540.6,103294.2,ERIME_4/4,734.3647213527111,727.9817176165657,0.0,6.38300373614535,9017.055334176934
2024-12-09 22:24:59.999000+00:00,2024-12-09 23:29:59.999000+00:00,SHORT,96528.5,97480.0,ERIME_1/4,-203.69724953630848,-212.0446622046424,0.0,8.347412668333936,8771.946936898214
2024-12-09 22:24:59.999000+00:00,2024-12-10 00:29:59.999000+00:00,SHORT,96528.5,97616.6,ERIME_2/4,-232.9405961329043,-241.29970613987686,0.0,8.359110006972575,8530.647230758337
2024-12-09 22:24:59.999000+00:00,2024-12-10 01:29:59.999000+00:00,SHORT,96528.5,98012.3,ERIME_3/4,-317.65210600312673,-326.0451006140474,0.0,8.392994610920663,8204.60213014429
2024-12-09 22:24:59.999000+00:00,2024-12-10 02:29:59.999000+00:00,SHORT,96528.5,97476.4,ERIME_4/4,-202.92656104620664,-211.27366543914454,0.0,8.347104392937895,7993.328464705146
2024-12-29 14:19:59.999000+00:00,2024-12-29 16:34:59.999000+00:00,SHORT,94675.9,93795.4,TP,813.4994081879563,778.8361475902266,34.98866036100494,34.66326059772976,8737.175951934369
2025-01-04 22:54:59.999000+00:00,2025-01-04 23:59:59.999000+00:00,LONG,98423.4,98173.2,ERIME_1/4,-83.2896987596682,-96.36214680806589,0.0,13.072448048397689,8588.390749414697
2025-01-04 22:54:59.999000+00:00,2025-01-05 00:59:59.999000+00:00,LONG,98423.4,98178.3,ERIME_2/4,-81.59194710629171,-94.66507425535075,0.0,13.073127149059038,8493.725675159347
2025-01-04 22:54:59.999000+00:00,2025-01-05 01:59:59.999000+00:00,LONG,98423.4,98086.6,ERIME_3/4,-112.1181876189273,-125.17910427178128,0.0,13.060916652853985,8368.546570887565
2025-01-04 22:54:59.999000+00:00,2025-01-05 02:59:59.999000+00:00,LONG,98423.4,98195.5,ERIME_4/4,-75.86619643216675,-88.94161388149543,0.0,13.075417449328688,8279.60495700607
2025-01-09 19:24:59.999000+00:00,2025-01-09 19:49:59.999000+00:00,SHORT,92821.3,92097.1,TP,821.1946920607929,779.4218946710154,42.10127526660193,41.772797389777615,9016.925576410484
2025-01-10 14:49:59.999000+00:00,2025-01-10 15:59:59.999000+00:00,SHORT,93681.9,93704.0,ERIME_1/4,-4.033054469304942,-10.873114849244324,0.0,6.8400603799393815,8978.698672928633
2025-01-10 14:49:59.999000+00:00,2025-01-10 16:59:59.999000+00:00,SHORT,93681.9,93614.8,ERIME_2/4,12.2451563298758,5.41160723425609,0.0,6.833549095619709,8984.11028016289
2025-01-10 14:49:59.999000+00:00,2025-01-10 17:59:59.999000+00:00,SHORT,93681.9,95759.2,ERIME_3/4,-379.08887099931957,-386.07895370587096,0.0,6.990082706551388,8598.031326457018
2025-01-10 14:49:59.999000+00:00,2025-01-10 18:59:59.999000+00:00,SHORT,93681.9,94820.9,ERIME_4/4,-207.85742264873846,-214.7790127759496,0.0,6.921590127211155,8383.252313681069
2025-01-14 03:19:59.999000+00:00,2025-01-14 04:54:59.999000+00:00,LONG,94912.7,94995.0,ERIME_1/4,27.259589552398268,14.673807246055707,0.0,12.58578230634256,8347.626607045038
2025-01-14 03:19:59.999000+00:00,2025-01-14 05:54:59.999000+00:00,LONG,94912.7,94955.4,ERIME_2/4,14.143189233138342,1.5626534869234856,0.0,12.580535746214856,8349.189260531963
2025-01-14 03:19:59.999000+00:00,2025-01-14 06:54:59.999000+00:00,LONG,94912.7,94867.1,ERIME_3/4,-15.103733700960863,-27.67257067800208,0.0,12.568836977041219,8321.516689853961
2025-01-14 03:19:59.999000+00:00,2025-01-14 07:54:59.999000+00:00,LONG,94912.7,94847.1,ERIME_4/4,-21.728178306646722,-34.29436550584566,0.0,12.566187199198943,8287.222324348115
2025-01-19 03:49:59.999000+00:00,2025-01-19 05:19:59.999000+00:00,LONG,105132.3,104362.6,ERIME_1/4,-223.44728011621078,-235.56604800804195,0.0,12.11876789183118,8002.8236891245615
2025-01-19 03:49:59.999000+00:00,2025-01-19 06:19:59.999000+00:00,LONG,105132.3,105016.8,ERIME_2/4,-33.530155714463355,-45.724890456055235,0.0,12.19473474159188,7957.098798668506
2025-01-19 03:49:59.999000+00:00,2025-01-19 07:19:59.999000+00:00,LONG,105132.3,105382.1,ERIME_3/4,72.51803374435535,60.28087972697994,0.0,12.237154017375408,8017.379678395486
2025-01-19 03:49:59.999000+00:00,2025-01-19 08:19:59.999000+00:00,LONG,105132.3,104720.8,ERIME_4/4,-119.4602517446032,-131.62061444778303,0.0,12.160362703179823,7885.759063947703
2025-01-21 23:59:59.999000+00:00,2025-01-22 01:14:59.999000+00:00,LONG,106114.5,105800.1,ERIME_1/4,-87.61582947094101,-99.40942173507419,0.0,11.793592264133178,7739.035087828943
2025-01-21 23:59:59.999000+00:00,2025-01-22 02:14:59.999000+00:00,LONG,106114.5,105847.2,ERIME_2/4,-74.49017562844536,-86.28901815411554,0.0,11.798842525670178,7652.746069674828
2025-01-21 23:59:59.999000+00:00,2025-01-22 03:14:59.999000+00:00,LONG,106114.5,105798.6,ERIME_3/4,-88.03384392452375,-99.8272689828755,0.0,11.793425058351746,7552.918800691952
2025-01-21 23:59:59.999000+00:00,2025-01-22 04:14:59.999000+00:00,LONG,106114.5,105687.7,ERIME_4/4,-118.93904585941021,-130.720108836988,0.0,11.781062977577792,7422.198691854964
2025-01-23 20:24:59.999000+00:00,2025-01-23 21:39:59.999000+00:00,LONG,105794.3,102826.2,ERIME_1/4,-232.11937560243496,-235.33597252835673,0.0,3.2165969259217753,7173.624940621956
2025-01-23 20:24:59.999000+00:00,2025-01-23 22:39:59.999000+00:00,LONG,105794.3,104187.7,ERIME_2/4,-125.64367401464662,-128.90286122120352,0.0,3.2591872065568905,7044.722079400753
2025-01-23 20:24:59.999000+00:00,2025-01-23 23:39:59.999000+00:00,LONG,105794.3,104098.7,ERIME_3/4,-132.6038924805395,-135.86029559971004,0.0,3.2564031191705336,6908.861783801042
2025-01-23 20:24:59.999000+00:00,2025-01-24 00:39:59.999000+00:00,LONG,105794.3,103700.1,ERIME_4/4,-163.77628664351528,-167.0202208050206,0.0,3.243934161505343,6741.841562996022
2025-01-24 07:54:59.999000+00:00,2025-01-24 08:29:59.999000+00:00,LONG,104969.4,105500.0,TP,511.1805630963493,470.52504149313467,40.45104937797613,40.65552160321467,7171.91555511118
2025-01-26 14:39:59.999000+00:00,2025-01-26 18:09:59.999000+00:00,LONG,104896.3,105092.2,TP,200.90960175614939,157.79774458477985,43.031493330667075,43.111857171369536,7286.681806365293
2025-01-29 14:49:59.999000+00:00,2025-01-29 15:54:59.999000+00:00,SHORT,101616.4,102015.1,ERIME_1/4,-72.77555200896576,-80.2239645655242,0.0,7.448412556558441,7176.780632456749
2025-01-29 14:49:59.999000+00:00,2025-01-29 16:54:59.999000+00:00,SHORT,101616.4,102090.1,ERIME_2/4,-86.4654602123073,-93.91934873214709,0.0,7.453888519839778,7082.861283724602
2025-01-29 14:49:59.999000+00:00,2025-01-29 17:54:59.999000+00:00,SHORT,101616.4,102551.0,ERIME_3/4,-170.59450942457445,-178.08204956409915,0.0,7.487540139524685,6904.779234160503
2025-01-29 14:49:59.999000+00:00,2025-01-29 18:54:59.999000+00:00,SHORT,101616.4,102917.6,ERIME_4/4,-237.51078072250897,-245.02508737055282,0.0,7.514306648043859,6659.75414678995
2025-02-01 21:34:59.999000+00:00,2025-02-01 22:19:59.999000+00:00,SHORT,101230.3,100757.8,TP,466.2735121339536,426.5014966580675,39.9585248807397,39.77201547588612,7046.297118567278
2025-02-02 23:24:59.999000+00:00,2025-02-03 00:39:59.999000+00:00,SHORT,96862.7,96739.5,ERIME_1/4,15.954080409280804,10.9430746893014,0.0,5.011005719979405,7037.170643848007
2025-02-02 23:24:59.999000+00:00,2025-02-03 01:39:59.999000+00:00,SHORT,96862.7,94543.5,ERIME_2/4,300.3303838084811,295.43312860986134,0.0,4.8972551986197255,7332.603772457868
2025-02-02 23:24:59.999000+00:00,2025-02-03 02:39:59.999000+00:00,SHORT,96862.7,93713.8,ERIME_3/4,407.77438149988166,402.9201039003385,0.0,4.854277599543165,7735.5238763582065
2025-02-02 23:24:59.999000+00:00,2025-02-03 03:39:59.999000+00:00,SHORT,96862.7,94214.1,ERIME_4/4,342.9868293183604,338.1066366979446,0.0,4.880192620415773,8073.630513056151
2025-02-06 17:59:59.999000+00:00,2025-02-06 18:19:59.999000+00:00,SHORT,96662.7,96215.5,TP,560.2772680835557,512.0595959124522,48.44178307833691,48.21767217110349,8537.248325890267
2025-02-11 22:54:59.999000+00:00,2025-02-12 00:34:59.999000+00:00,SHORT,95700.6,95915.7,ERIME_1/4,-68.18176169179165,-80.34299163117174,0.0,12.161229939380094,8408.369505320281
2025-02-11 22:54:59.999000+00:00,2025-02-12 01:34:59.999000+00:00,SHORT,95700.6,95888.1,ERIME_2/4,-59.433195338035574,-71.59092585087417,0.0,12.157730512838592,8336.778579469406
2025-02-11 22:54:59.999000+00:00,2025-02-12 02:34:59.999000+00:00,SHORT,95700.6,95907.7,ERIME_3/4,-65.64594535736879,-77.80616097021512,0.0,12.160215612846326,8258.972418499192
2025-02-11 22:54:59.999000+00:00,2025-02-12 03:34:59.999000+00:00,SHORT,95700.6,95591.5,ERIME_4/4,34.58219526069348,22.462070904094382,0.0,12.120124356599101,8281.434489403286
2025-02-13 11:04:59.999000+00:00,2025-02-13 12:09:59.999000+00:00,SHORT,96120.4,95914.5,ERIME_1/4,66.52388676212679,54.12834458272671,0.0,12.395542179400078,8285.874227049593
2025-02-13 11:04:59.999000+00:00,2025-02-13 13:09:59.999000+00:00,SHORT,96120.4,95838.9,ERIME_2/4,90.94936436881603,78.56359238045863,0.0,12.385771988357403,8364.437819430052
2025-02-13 11:04:59.999000+00:00,2025-02-13 14:09:59.999000+00:00,SHORT,96120.4,95796.3,ERIME_3/4,104.71292714718466,92.3326605839386,0.0,12.380266563246057,8456.77048001399
2025-02-13 11:04:59.999000+00:00,2025-02-13 15:09:59.999000+00:00,SHORT,96120.4,95633.6,ERIME_4/4,157.27939813406246,144.92015815921116,0.0,12.359239974851304,8601.690638173202
2025-02-17 01:19:59.999000+00:00,2025-02-17 02:49:59.999000+00:00,SHORT,96231.2,96226.0,ERIME_1/4,1.7430206361791556,-11.158818112826175,0.0,12.90183874900533,8538.921676231337
2025-02-17 01:19:59.999000+00:00,2025-02-17 03:49:59.999000+00:00,SHORT,96231.2,96147.7,ERIME_2/4,27.988889061738643,15.097548660103536,0.0,12.891340401635107,8554.01922489144
2025-02-17 01:19:59.999000+00:00,2025-02-17 04:49:59.999000+00:00,SHORT,96231.2,96019.0,ERIME_3/4,71.12864980719591,58.25456530985899,0.0,12.874084497336925,8612.2737902013
2025-02-17 01:19:59.999000+00:00,2025-02-17 05:49:59.999000+00:00,SHORT,96231.2,96169.0,ERIME_4/4,20.8492083789229,7.955012105014665,0.0,12.894196273908234,8620.228802306314
2025-02-17 18:34:59.999000+00:00,2025-02-17 21:09:59.999000+00:00,SHORT,95377.6,96019.2,ERIME_1/4,-217.45431315475236,-230.47163808347372,0.0,13.017324928721372,8338.035791409002
2025-02-17 18:34:59.999000+00:00,2025-02-17 22:09:59.999000+00:00,SHORT,95377.6,96185.7,ERIME_2/4,-273.8853342586594,-286.9252315958223,0.0,13.039897337162936,8051.11055981318
2025-02-17 18:34:59.999000+00:00,2025-02-17 23:09:59.999000+00:00,SHORT,95377.6,95952.3,ERIME_3/4,-194.780227197689,-207.78848249202753,0.0,13.008255294338547,7843.322077321152
2025-02-17 18:34:59.999000+00:00,2025-02-18 00:09:59.999000+00:00,SHORT,95377.6,95955.3,ERIME_4/4,-195.79700235271432,-208.80566435711486,0.0,13.008662004400557,7634.516412964038
2025-02-20 12:09:59.999000+00:00,2025-02-20 14:39:59.999000+00:00,LONG,97410.0,97845.1,ERIME_1/4,127.87873773023935,116.3758116157012,0.0,11.502926114538152,7705.085126101955
2025-02-20 12:09:59.999000+00:00,2025-02-20 15:39:59.999000+00:00,LONG,97410.0,97150.2,ERIME_2/4,-76.3569203914413,-87.77815224273078,0.0,11.421231851289482,7617.306973859225
2025-02-20 12:09:59.999000+00:00,2025-02-20 16:39:59.999000+00:00,LONG,97410.0,97814.3,ERIME_3/4,118.82641614418628,107.32711095828255,0.0,11.499305185903731,7724.634084817508
2025-02-20 12:09:59.999000+00:00,2025-02-20 17:39:59.999000+00:00,LONG,97410.0,97807.3,ERIME_4/4,116.76907032917441,105.27058808159669,0.0,11.498482247577728,7829.904672899104
2025-03-04 21:29:59.999000+00:00,2025-03-04 22:34:59.999000+00:00,LONG,88717.7,87832.9,ERIME_1/4,-75.48774545042787,-78.48517203151867,0.0,2.9974265810908065,7739.309014150502
2025-03-04 21:29:59.999000+00:00,2025-03-04 23:34:59.999000+00:00,LONG,88717.7,87433.9,ERIME_2/4,-109.52889648424411,-112.51270660492139,0.0,2.98381012067728,7626.79630754558
2025-03-04 21:29:59.999000+00:00,2025-03-05 00:34:59.999000+00:00,LONG,88717.7,86749.9,ERIME_3/4,-167.8851553993577,-170.84562301646895,0.0,2.9604676171112345,7455.950684529111
2025-03-04 21:29:59.999000+00:00,2025-03-05 01:34:59.999000+00:00,LONG,88717.7,87335.6,ERIME_4/4,-117.91547579909059,-120.89593128804192,0.0,2.9804554889513413,7335.054753241069
2025-03-07 23:14:59.999000+00:00,2025-03-08 00:29:59.999000+00:00,SHORT,85954.9,86644.5,ERIME_1/4,-101.81670204981896,-106.93378861638246,0.0,5.117086566563494,7207.815525081713
2025-03-07 23:14:59.999000+00:00,2025-03-08 01:29:59.999000+00:00,SHORT,85954.9,86039.4,ERIME_2/4,-12.476089505814427,-17.55743982736032,0.0,5.081350321545893,7190.258085254352
2025-03-07 23:14:59.999000+00:00,2025-03-08 02:29:59.999000+00:00,SHORT,85954.9,85947.7,ERIME_3/4,1.0630514135127522,-4.012883251665409,0.0,5.075934665178162,7186.245202002687
2025-03-07 23:14:59.999000+00:00,2025-03-08 03:29:59.999000+00:00,SHORT,85954.9,85719.7,ERIME_4/4,34.72634617476351,29.66387682748985,0.0,5.0624693472736615,7215.909078830176
2025-03-10 15:59:59.999000+00:00,2025-03-10 16:59:59.999000+00:00,SHORT,80009.7,78981.3,TP,666.85532946261,646.3694870538642,20.75258454053088,20.485842408745835,7841.52598134351
2025-03-15 19:59:59.999000+00:00,2025-03-15 20:04:59.999000+00:00,LONG,84261.2,84362.3,TP,141.1287063406184,94.02309897002111,47.04915588806105,47.1056073705973,7888.4999244254695
2025-03-18 15:09:59.999000+00:00,2025-03-18 16:14:59.999000+00:00,SHORT,81569.1,81800.0,ERIME_1/4,-83.73826451513786,-95.60450970758211,0.0,11.86624519244426,7745.564415171335
2025-03-18 15:09:59.999000+00:00,2025-03-18 17:14:59.999000+00:00,SHORT,81569.1,81700.0,ERIME_2/4,-47.47223397588278,-59.32397275611134,0.0,11.851738780228558,7686.240442415224
2025-03-18 15:09:59.999000+00:00,2025-03-18 18:14:59.999000+00:00,SHORT,81569.1,81380.1,ERIME_3/4,68.5427977191921,56.73746495164157,0.0,11.805332767550528,7742.977907366865
2025-03-18 15:09:59.999000+00:00,2025-03-18 19:14:59.999000+00:00,SHORT,81569.1,81889.2,ERIME_4/4,-116.08756375615232,-127.966748668293,0.0,11.879184912140667,7615.011158698572
2025-03-19 11:14:59.999000+00:00,2025-03-19 13:19:59.999000+00:00,LONG,83643.7,84253.0,TP,832.0697731559691,786.0468782945153,45.69006695219143,46.02289486145382,8355.367970040896
2025-04-03 14:04:59.999000+00:00,2025-04-03 17:04:59.999000+00:00,SHORT,81976.3,81806.0,ERIME_1/4,37.216717488177565,30.065688032304866,0.0,7.1510294558727,8356.769993501728
2025-04-03 14:04:59.999000+00:00,2025-04-03 18:04:59.999000+00:00,SHORT,81976.3,81733.1,ERIME_2/4,53.14800759321504,46.00335065338436,0.0,7.144656939830686,8402.773344155112
2025-04-03 14:04:59.999000+00:00,2025-04-03 19:04:59.999000+00:00,SHORT,81976.3,82075.6,ERIME_3/4,-21.70064619246082,-28.875242593805776,0.0,7.174596401344956,8373.898101561306
2025-04-03 14:04:59.999000+00:00,2025-04-03 20:04:59.999000+00:00,SHORT,81976.3,81992.1,ERIME_4/4,-3.452872203836194,-10.6201694955857,0.0,7.167297291749505,8363.277932065721
2025-04-04 13:39:59.999000+00:00,2025-04-04 14:54:59.999000+00:00,SHORT,82388.1,82422.5,ERIME_1/4,-7.8706051878373575,-15.413802351728455,0.0,7.543197163891097,8317.70393402673
2025-04-04 13:39:59.999000+00:00,2025-04-04 15:54:59.999000+00:00,SHORT,82388.1,82969.6,ERIME_2/4,-133.04525920721505,-140.6385262327139,0.0,7.593267025498848,8177.065407794015
2025-04-04 13:39:59.999000+00:00,2025-04-04 16:54:59.999000+00:00,SHORT,82388.1,83207.8,ERIME_3/4,-187.54462419974857,-195.15969097124443,0.0,7.615066771495862,7981.905716822771
2025-04-04 13:39:59.999000+00:00,2025-04-04 17:54:59.999000+00:00,SHORT,82388.1,84265.0,ERIME_4/4,-429.4284557283253,-437.14027603243255,0.0,7.711820304107293,7544.765440790338
2025-04-05 15:09:59.999000+00:00,2025-04-05 18:29:59.999000+00:00,SHORT,82720.0,82938.1,ERIME_1/4,-74.59713533470216,-85.94412235002154,0.0,11.346987015319389,7413.552725795575
2025-04-05 15:09:59.999000+00:00,2025-04-05 19:29:59.999000+00:00,SHORT,82720.0,83017.1,ERIME_2/4,-101.61764744584985,-112.9754426660137,0.0,11.357795220163847,7300.577283129561
2025-04-05 15:09:59.999000+00:00,2025-04-05 20:29:59.999000+00:00,SHORT,82720.0,83009.2,ERIME_3/4,-98.9155962347321,-110.27231063441151,0.0,11.3567143996794,7190.304972495149
2025-04-05 15:09:59.999000+00:00,2025-04-05 21:29:59.999000+00:00,SHORT,82720.0,83174.5,ERIME_4/4,-155.4534525888181,-166.83278213103912,0.0,11.379329542221035,7023.472190364109
2025-04-06 09:14:59.999000+00:00,2025-04-06 10:19:59.999000+00:00,SHORT,82907.9,82749.2,ERIME_1/4,50.41550789840731,39.900465816020514,0.0,10.5150420823868,7021.231823037945
2025-04-06 09:14:59.999000+00:00,2025-04-06 11:19:59.999000+00:00,SHORT,82907.9,82639.9,ERIME_2/4,85.13771970241592,74.63656650475073,0.0,10.501153197665197,7095.868389542696
2025-04-06 09:14:59.999000+00:00,2025-04-06 12:19:59.999000+00:00,SHORT,82907.9,82861.9,ERIME_3/4,14.613190695190793,4.0838276859227065,0.0,10.529363009268087,7099.952217228619
2025-04-06 09:14:59.999000+00:00,2025-04-06 13:19:59.999000+00:00,SHORT,82907.9,82615.0,ERIME_4/4,93.04790336133257,82.54991423713093,0.0,10.49798912420163,7182.50213146575
2025-04-11 07:39:59.999000+00:00,2025-04-11 09:34:59.999000+00:00,LONG,81290.5,82187.5,TP,788.0983990122053,759.2146366180846,28.5685230345158,28.88376239412068,7913.148245049319
2025-04-14 14:29:59.999000+00:00,2025-04-14 16:04:59.999000+00:00,LONG,85045.7,84250.0,ERIME_1/4,-162.87379593240559,-169.77193206778585,0.0,6.898136135380279,7715.5231703665195
2025-04-14 14:29:59.999000+00:00,2025-04-14 17:04:59.999000+00:00,LONG,85045.7,84353.9,ERIME_2/4,-141.60624861887527,-148.51289177318097,0.0,6.906643154305692,7567.010278593339
2025-04-14 14:29:59.999000+00:00,2025-04-14 18:04:59.999000+00:00,LONG,85045.7,84960.5,ERIME_3/4,-17.439798182029072,-24.3961079165095,0.0,6.956309734480429,7542.614170676829
2025-04-14 14:29:59.999000+00:00,2025-04-14 19:04:59.999000+00:00,LONG,85045.7,84986.9,ERIME_4/4,-12.035917055204168,-18.994388342135327,0.0,6.95847128693116,7523.619782334694
2025-04-20 13:19:59.999000+00:00,2025-04-20 14:29:59.999000+00:00,SHORT,84150.1,84510.0,ERIME_1/4,-120.66611149283595,-131.99980761093514,0.0,11.333696118099175,7346.478256029751
2025-04-20 13:19:59.999000+00:00,2025-04-20 15:29:59.999000+00:00,SHORT,84150.1,84338.0,ERIME_2/4,-62.99850611142968,-74.30913518737628,0.0,11.310629075946611,7272.1691208423745
2025-04-20 13:19:59.999000+00:00,2025-04-20 16:29:59.999000+00:00,SHORT,84150.1,84498.3,ERIME_3/4,-116.74337321979941,-128.07550024258936,0.0,11.33212702278996,7144.093620599785
2025-04-20 13:19:59.999000+00:00,2025-04-20 17:29:59.999000+00:00,SHORT,84150.1,84443.7,ERIME_4/4,-98.4372612789557,-109.76206585696933,0.0,11.324804578013623,7034.331554742816
2025-04-25 11:09:59.999000+00:00,2025-04-25 11:24:59.999000+00:00,LONG,93755.3,94048.7,TP,330.2009931430278,287.8629234173137,42.205989328456894,42.33806972571411,7279.988488831673
